variant,year,c
A_ste_hard,2017,0.8905
A_ste_hard,2018,1.0188
A_ste_hard,2019,0.9397
A_ste_hard,2020,0.9853
A_ste_hard,2021,1.1976
A_ste_hard,2022,1.2329
A_ste_hard,2023,0.9602
A_ste_hard,2024,1.1887
A_ste_hard,2025,1.1977
A_ste_hard,2026,0.9941
E_num_only,2017,0.9376
E_num_only,2018,1.0056
E_num_only,2019,0.84
E_num_only,2020,1.0401
E_num_only,2021,1.3948
E_num_only,2022,1.6606
E_num_only,2023,1.6837
E_num_only,2024,1.6743
E_num_only,2025,1.6571
E_num_only,2026,1.2257
B_soft_soft,2017,0.8826
B_soft_soft,2018,0.9961
B_soft_soft,2019,1.017
B_soft_soft,2020,1.0437
B_soft_soft,2021,1.3955
B_soft_soft,2022,1.6399
B_soft_soft,2023,1.6437
B_soft_soft,2024,1.6351
B_soft_soft,2025,1.6361
B_soft_soft,2026,1.639
C_soft_deployhard,2017,0.8826
C_soft_deployhard,2018,0.9961
C_soft_deployhard,2019,1.017
C_soft_deployhard,2020,1.0437
C_soft_deployhard,2021,1.3955
C_soft_deployhard,2022,1.6399
C_soft_deployhard,2023,1.6437
C_soft_deployhard,2024,1.6351
C_soft_deployhard,2025,1.6361
C_soft_deployhard,2026,1.639
D_finite_diff,2017,0.7075
D_finite_diff,2018,1.0214
D_finite_diff,2019,1.0034
D_finite_diff,2020,1.0065
D_finite_diff,2021,0.9879
D_finite_diff,2022,0.9857
D_finite_diff,2023,0.9881
D_finite_diff,2024,0.9857
D_finite_diff,2025,0.9889
D_finite_diff,2026,0.9848
