N,config,ann_ret_net,ann_vol_net,sharpe_net,sortino_net,max_drawdown,avg_turnover
30,delta_only,0.09214,0.14355,0.64191,0.90048,-0.31777,0.47055
30,c_only_d0.50,0.09477,0.14207,0.66708,0.94044,-0.30371,0.47565
30,c_only_d0.25,0.0974,0.142,0.68592,0.97066,-0.30132,0.57848
30,c_only_d0.75,0.09802,0.14256,0.68759,0.96856,-0.30891,0.41456
30,static_blend,0.09452,0.14272,0.66226,0.93112,-0.31064,0.49498
30,DG-Shrink,0.09767,0.14255,0.68515,0.96681,-0.30277,0.45443
50,delta_only,0.06043,0.14152,0.42702,0.58949,-0.3177,0.64745
50,c_only_d0.50,0.0587,0.13877,0.42298,0.58451,-0.30488,0.65074
50,c_only_d0.25,0.0557,0.14019,0.39728,0.54842,-0.29713,0.82844
50,c_only_d0.75,0.06576,0.13996,0.46987,0.65285,-0.30833,0.5627
50,static_blend,0.05925,0.14079,0.42084,0.58049,-0.30898,0.70592
50,DG-Shrink,0.06353,0.13982,0.45436,0.63046,-0.3086,0.60156
70,delta_only,0.0632,0.13749,0.45964,0.6251,-0.31995,0.74064
70,c_only_d0.50,0.05843,0.13816,0.42296,0.56717,-0.32164,0.76146
70,c_only_d0.25,0.05685,0.13785,0.41243,0.55821,-0.29512,0.99914
70,c_only_d0.75,0.06629,0.13607,0.48715,0.66388,-0.30422,0.64096
70,static_blend,0.06146,0.13748,0.44708,0.60595,-0.30933,0.84853
70,DG-Shrink,0.06172,0.13636,0.45266,0.61669,-0.30354,0.66484
