N,config,year,c,delta
30,delta_only,2017,0.5,0.6669
30,delta_only,2018,0.5,0.7918
30,delta_only,2019,0.5,0.6616
30,delta_only,2020,0.5,0.7402
30,delta_only,2021,0.5,0.5629
30,delta_only,2022,0.5,0.4242
30,delta_only,2023,0.5,0.4346
30,delta_only,2024,0.5,0.4928
30,delta_only,2025,0.5,0.4984
30,delta_only,2026,0.5,0.4904
30,c_only_d0.50,2017,0.8859,0.5
30,c_only_d0.50,2018,1.2301,0.5
30,c_only_d0.50,2019,1.5752,0.5
30,c_only_d0.50,2020,1.6737,0.5
30,c_only_d0.50,2021,1.1739,0.5
30,c_only_d0.50,2022,1.1631,0.5
30,c_only_d0.50,2023,1.0842,0.5
30,c_only_d0.50,2024,1.1615,0.5
30,c_only_d0.50,2025,1.4266,0.5
30,c_only_d0.50,2026,1.1841,0.5
30,c_only_d0.25,2017,0.8895,0.25
30,c_only_d0.25,2018,1.2826,0.25
30,c_only_d0.25,2019,1.7711,0.25
30,c_only_d0.25,2020,2.4466,0.25
30,c_only_d0.25,2021,2.2081,0.25
30,c_only_d0.25,2022,2.182,0.25
30,c_only_d0.25,2023,2.203,0.25
30,c_only_d0.25,2024,2.1875,0.25
30,c_only_d0.25,2025,2.1922,0.25
30,c_only_d0.25,2026,2.1893,0.25
30,c_only_d0.75,2017,0.8843,0.75
30,c_only_d0.75,2018,1.0676,0.75
30,c_only_d0.75,2019,0.9826,0.75
30,c_only_d0.75,2020,1.5093,0.75
30,c_only_d0.75,2021,1.1941,0.75
30,c_only_d0.75,2022,1.1839,0.75
30,c_only_d0.75,2023,1.1788,0.75
30,c_only_d0.75,2024,1.0198,0.75
30,c_only_d0.75,2025,1.0804,0.75
30,c_only_d0.75,2026,1.0296,0.75
30,static_blend,2017,0.5,0.5
30,static_blend,2018,0.5,0.5
30,static_blend,2019,0.5,0.5
30,static_blend,2020,0.5,0.5
30,static_blend,2021,0.5,0.5
30,static_blend,2022,0.5,0.5
30,static_blend,2023,0.5,0.5
30,static_blend,2024,0.5,0.5
30,static_blend,2025,0.5,0.5
30,static_blend,2026,0.5,0.5
30,DG-Shrink,2017,0.8878,0.6716
30,DG-Shrink,2018,1.0726,0.7959
30,DG-Shrink,2019,0.9309,0.6716
30,DG-Shrink,2020,1.4172,0.711
30,DG-Shrink,2021,1.1855,0.5401
30,DG-Shrink,2022,1.146,0.5367
30,DG-Shrink,2023,1.1077,0.4694
30,DG-Shrink,2024,1.1556,0.5263
30,DG-Shrink,2025,1.146,0.5323
30,DG-Shrink,2026,1.1949,0.522
50,delta_only,2017,0.5,0.665
50,delta_only,2018,0.5,0.7908
50,delta_only,2019,0.5,0.7562
50,delta_only,2020,0.5,0.7655
50,delta_only,2021,0.5,0.6006
50,delta_only,2022,0.5,0.5143
50,delta_only,2023,0.5,0.5248
50,delta_only,2024,0.5,0.5582
50,delta_only,2025,0.5,0.5631
50,delta_only,2026,0.5,0.5627
50,c_only_d0.50,2017,0.8902,0.5
50,c_only_d0.50,2018,1.302,0.5
50,c_only_d0.50,2019,1.7259,0.5
50,c_only_d0.50,2020,2.1651,0.5
50,c_only_d0.50,2021,2.1869,0.5
50,c_only_d0.50,2022,2.1926,0.5
50,c_only_d0.50,2023,2.1891,0.5
50,c_only_d0.50,2024,2.1834,0.5
50,c_only_d0.50,2025,2.2016,0.5
50,c_only_d0.50,2026,2.1808,0.5
50,c_only_d0.25,2017,0.8983,0.25
50,c_only_d0.25,2018,1.3729,0.25
50,c_only_d0.25,2019,1.8561,0.25
50,c_only_d0.25,2020,2.2157,0.25
50,c_only_d0.25,2021,2.1844,0.25
50,c_only_d0.25,2022,2.1829,0.25
50,c_only_d0.25,2023,2.177,0.25
50,c_only_d0.25,2024,2.1816,0.25
50,c_only_d0.25,2025,2.1801,0.25
50,c_only_d0.25,2026,2.1797,0.25
50,c_only_d0.75,2017,0.8819,0.75
50,c_only_d0.75,2018,1.1182,0.75
50,c_only_d0.75,2019,1.4298,0.75
50,c_only_d0.75,2020,1.6805,0.75
50,c_only_d0.75,2021,1.1727,0.75
50,c_only_d0.75,2022,1.1819,0.75
50,c_only_d0.75,2023,1.1893,0.75
50,c_only_d0.75,2024,1.2114,0.75
50,c_only_d0.75,2025,1.204,0.75
50,c_only_d0.75,2026,1.1892,0.75
50,static_blend,2017,0.5,0.5
50,static_blend,2018,0.5,0.5
50,static_blend,2019,0.5,0.5
50,static_blend,2020,0.5,0.5
50,static_blend,2021,0.5,0.5
50,static_blend,2022,0.5,0.5
50,static_blend,2023,0.5,0.5
50,static_blend,2024,0.5,0.5
50,static_blend,2025,0.5,0.5
50,static_blend,2026,0.5,0.5
50,DG-Shrink,2017,0.8834,0.6775
50,DG-Shrink,2018,1.1204,0.8069
50,DG-Shrink,2019,1.4266,0.7607
50,DG-Shrink,2020,1.6881,0.7058
50,DG-Shrink,2021,1.1675,0.5537
50,DG-Shrink,2022,1.188,0.5622
50,DG-Shrink,2023,1.3393,0.5734
50,DG-Shrink,2024,1.2178,0.596
50,DG-Shrink,2025,1.22,0.615
50,DG-Shrink,2026,1.201,0.5962
70,delta_only,2017,0.5,0.6698
70,delta_only,2018,0.5,0.796
70,delta_only,2019,0.5,0.8044
70,delta_only,2020,0.5,0.7973
70,delta_only,2021,0.5,0.6526
70,delta_only,2022,0.5,0.6505
70,delta_only,2023,0.5,0.6414
70,delta_only,2024,0.5,0.6574
70,delta_only,2025,0.5,0.664
70,delta_only,2026,0.5,0.6547
70,c_only_d0.50,2017,0.8691,0.5
70,c_only_d0.50,2018,1.2005,0.5
70,c_only_d0.50,2019,1.4828,0.5
70,c_only_d0.50,2020,1.6748,0.5
70,c_only_d0.50,2021,2.1932,0.5
70,c_only_d0.50,2022,2.2146,0.5
70,c_only_d0.50,2023,2.1978,0.5
70,c_only_d0.50,2024,2.207,0.5
70,c_only_d0.50,2025,2.204,0.5
70,c_only_d0.50,2026,2.2122,0.5
70,c_only_d0.25,2017,0.8789,0.25
70,c_only_d0.25,2018,1.2966,0.25
70,c_only_d0.25,2019,1.7171,0.25
70,c_only_d0.25,2020,2.2789,0.25
70,c_only_d0.25,2021,2.2154,0.25
70,c_only_d0.25,2022,2.2135,0.25
70,c_only_d0.25,2023,2.2115,0.25
70,c_only_d0.25,2024,2.2117,0.25
70,c_only_d0.25,2025,2.2194,0.25
70,c_only_d0.25,2026,2.2169,0.25
70,c_only_d0.75,2017,0.8678,0.75
70,c_only_d0.75,2018,1.0651,0.75
70,c_only_d0.75,2019,1.2151,0.75
70,c_only_d0.75,2020,1.3895,0.75
70,c_only_d0.75,2021,1.2598,0.75
70,c_only_d0.75,2022,1.2423,0.75
70,c_only_d0.75,2023,1.2413,0.75
70,c_only_d0.75,2024,1.2267,0.75
70,c_only_d0.75,2025,1.202,0.75
70,c_only_d0.75,2026,1.2522,0.75
70,static_blend,2017,0.5,0.5
70,static_blend,2018,0.5,0.5
70,static_blend,2019,0.5,0.5
70,static_blend,2020,0.5,0.5
70,static_blend,2021,0.5,0.5
70,static_blend,2022,0.5,0.5
70,static_blend,2023,0.5,0.5
70,static_blend,2024,0.5,0.5
70,static_blend,2025,0.5,0.5
70,static_blend,2026,0.5,0.5
70,DG-Shrink,2017,0.8676,0.6742
70,DG-Shrink,2018,1.0644,0.8061
70,DG-Shrink,2019,1.2652,0.8059
70,DG-Shrink,2020,1.3992,0.7279
70,DG-Shrink,2021,1.2341,0.631
70,DG-Shrink,2022,1.499,0.6421
70,DG-Shrink,2023,2.1978,0.5464
70,DG-Shrink,2024,2.2024,0.6166
70,DG-Shrink,2025,2.2007,0.6209
70,DG-Shrink,2026,2.202,0.5888
