variant,step,c
A_ste,0,1.1838
A_ste,1,1.17294
A_ste,2,1.16993
A_ste,3,1.17117
A_ste,4,1.17524
A_ste,5,1.18081
A_ste,6,1.18566
A_ste,7,1.18791
A_ste,8,1.18631
A_ste,9,1.18257
A_ste,10,1.1786
A_ste,11,1.17497
A_ste,12,1.17206
A_ste,13,1.16907
A_ste,14,1.16606
A_ste,15,1.16221
A_ste,16,1.15727
A_ste,17,1.15099
A_ste,18,1.14496
A_ste,19,1.13845
A_ste,20,1.13113
A_ste,21,1.12191
A_ste,22,1.11104
A_ste,23,1.09897
A_ste,24,1.08596
A_ste,25,1.07221
A_ste,26,1.05789
A_ste,27,1.04309
A_ste,28,1.02788
A_ste,29,1.01299
A_ste,30,0.99899
A_ste,31,0.98577
A_ste,32,0.97613
A_ste,33,0.97072
A_ste,34,0.96886
A_ste,35,0.97001
A_ste,36,0.97361
A_ste,37,0.97946
A_ste,38,0.98641
A_ste,39,0.99407
B_soft,0,1.65217
B_soft,1,1.66768
B_soft,2,1.68152
B_soft,3,1.69174
B_soft,4,1.69674
B_soft,5,1.6967
B_soft,6,1.69283
B_soft,7,1.68627
B_soft,8,1.67788
B_soft,9,1.66828
B_soft,10,1.65801
B_soft,11,1.64755
B_soft,12,1.63743
B_soft,13,1.62823
B_soft,14,1.62057
B_soft,15,1.615
B_soft,16,1.61188
B_soft,17,1.6113
B_soft,18,1.61309
B_soft,19,1.61689
B_soft,20,1.62217
B_soft,21,1.62829
B_soft,22,1.63442
B_soft,23,1.63954
B_soft,24,1.64272
B_soft,25,1.64348
B_soft,26,1.64206
B_soft,27,1.63929
B_soft,28,1.63643
B_soft,29,1.63499
B_soft,30,1.63609
B_soft,31,1.63979
B_soft,32,1.64512
B_soft,33,1.6501
B_soft,34,1.65223
B_soft,35,1.65068
B_soft,36,1.64651
B_soft,37,1.64161
B_soft,38,1.63854
B_soft,39,1.63902
D_finite_diff,0,0.97644
D_finite_diff,1,0.98063
D_finite_diff,2,0.98767
D_finite_diff,3,0.99248
D_finite_diff,4,0.99244
D_finite_diff,5,0.98945
D_finite_diff,6,0.9852
D_finite_diff,7,0.9815
D_finite_diff,8,0.97944
D_finite_diff,9,0.98102
D_finite_diff,10,0.98347
D_finite_diff,11,0.98596
D_finite_diff,12,0.98791
D_finite_diff,13,0.98925
D_finite_diff,14,0.98873
D_finite_diff,15,0.98685
D_finite_diff,16,0.98465
D_finite_diff,17,0.98259
D_finite_diff,18,0.98131
D_finite_diff,19,0.98134
D_finite_diff,20,0.98235
D_finite_diff,21,0.98419
D_finite_diff,22,0.98634
D_finite_diff,23,0.98784
D_finite_diff,24,0.98868
D_finite_diff,25,0.98798
D_finite_diff,26,0.98687
D_finite_diff,27,0.98533
D_finite_diff,28,0.98414
D_finite_diff,29,0.98352
D_finite_diff,30,0.98319
D_finite_diff,31,0.98319
D_finite_diff,32,0.98349
D_finite_diff,33,0.98404
D_finite_diff,34,0.9849
D_finite_diff,35,0.98567
D_finite_diff,36,0.98637
D_finite_diff,37,0.98647
D_finite_diff,38,0.98558
D_finite_diff,39,0.98475
E_numonly,0,1.64098
E_numonly,1,1.62499
E_numonly,2,1.60912
E_numonly,3,1.59361
E_numonly,4,1.57873
E_numonly,5,1.56438
E_numonly,6,1.55036
E_numonly,7,1.53657
E_numonly,8,1.52296
E_numonly,9,1.5097
E_numonly,10,1.49675
E_numonly,11,1.48358
E_numonly,12,1.47027
E_numonly,13,1.45679
E_numonly,14,1.44356
E_numonly,15,1.43059
E_numonly,16,1.41855
E_numonly,17,1.40667
E_numonly,18,1.39503
E_numonly,19,1.38328
E_numonly,20,1.37164
E_numonly,21,1.36
E_numonly,22,1.34812
E_numonly,23,1.33632
E_numonly,24,1.32444
E_numonly,25,1.31272
E_numonly,26,1.30153
E_numonly,27,1.29053
E_numonly,28,1.28051
E_numonly,29,1.27178
E_numonly,30,1.26338
E_numonly,31,1.25625
E_numonly,32,1.2507
E_numonly,33,1.24648
E_numonly,34,1.24264
E_numonly,35,1.23913
E_numonly,36,1.23545
E_numonly,37,1.2319
E_numonly,38,1.22818
E_numonly,39,1.22567
