N,year,picked,A1_gmv_tglobal,A2_gmv_tasym,A3_hrp_gerber,A4_gmv_dd,A5_hrp_gerber_dd
30,2017,A4_gmv_dd,0.1248,0.1248,0.0936,0.1248,0.0936
30,2018,A1_gmv_tglobal,0.1719,0.1688,0.1581,0.1673,0.1569
30,2019,A1_gmv_tglobal,0.0825,0.0817,0.0789,0.0776,0.0753
30,2020,A1_gmv_tglobal,0.1148,0.1139,0.1119,0.1085,0.1067
30,2021,A1_gmv_tglobal,0.0536,0.0521,0.045,0.0447,0.0438
30,2022,A1_gmv_tglobal,0.0829,0.0794,0.0812,0.074,0.0809
30,2023,A2_gmv_tasym,0.0274,0.0322,0.0253,0.0202,0.0259
30,2024,A3_hrp_gerber,0.015,0.0045,0.036,0.0126,0.0347
30,2025,A3_hrp_gerber,0.009,-0.0099,0.0192,0.0084,0.0181
30,2026,A5_hrp_gerber_dd,0.0855,0.0457,0.1111,0.0836,0.1121
50,2017,A1_gmv_tglobal,0.136,0.136,0.0872,0.136,0.0872
50,2018,A4_gmv_dd,0.1635,0.1634,0.1425,0.1636,0.1483
50,2019,A2_gmv_tasym,0.0729,0.0764,0.0697,0.0748,0.0679
50,2020,A3_hrp_gerber,0.0988,0.1022,0.1058,0.0973,0.1037
50,2021,A2_gmv_tasym,0.0461,0.0491,0.0439,0.0419,0.0429
50,2022,A3_hrp_gerber,0.0741,0.0724,0.0792,0.07,0.0782
50,2023,A3_hrp_gerber,0.0209,0.023,0.025,0.0203,0.0236
50,2024,A3_hrp_gerber,0.0041,-0.0019,0.0255,0.0077,0.0224
50,2025,A3_hrp_gerber,0.0024,0.0004,0.0067,0.0046,0.0042
50,2026,A5_hrp_gerber_dd,0.0575,0.0506,0.0755,0.0569,0.0756
100,2017,A2_gmv_tasym,0.1356,0.1356,0.0849,0.1356,0.0849
100,2018,A1_gmv_tglobal,0.161,0.1577,0.1314,0.1385,0.1311
100,2019,A4_gmv_dd,0.0623,0.0626,0.0572,0.0706,0.0588
100,2020,A5_hrp_gerber_dd,0.0755,0.0675,0.0887,0.0758,0.0908
100,2021,A3_hrp_gerber,0.0134,0.0176,0.0388,0.018,0.0364
100,2022,A3_hrp_gerber,0.038,0.0434,0.0766,0.0377,0.072
100,2023,A3_hrp_gerber,-0.0,0.0089,0.0313,-0.0029,0.0249
100,2024,A3_hrp_gerber,0.003,0.0051,0.0359,-0.0098,0.03
100,2025,A3_hrp_gerber,-0.0014,0.0019,0.0173,-0.0122,0.0098
100,2026,A3_hrp_gerber,0.0486,0.0444,0.0703,0.0503,0.0678
