N,rule,date,A1_gmv_tglobal,A2_gmv_tasym,A3_hrp_gerber,A4_gmv_dd,A5_hrp_gerber_dd
30,R1_fast_wta,2017-01-04,1.0,0.0,0.0,0.0,0.0
30,R1_fast_wta,2017-02-03,0.0,0.0,1.0,0.0,0.0
30,R1_fast_wta,2017-03-07,0.0,0.0,1.0,0.0,0.0
30,R1_fast_wta,2017-04-05,0.0,0.0,1.0,0.0,0.0
30,R1_fast_wta,2017-05-05,0.0,0.0,1.0,0.0,0.0
30,R1_fast_wta,2017-06-06,0.0,0.0,1.0,0.0,0.0
30,R1_fast_wta,2017-07-06,0.0,0.0,1.0,0.0,0.0
30,R1_fast_wta,2017-08-04,0.0,0.0,1.0,0.0,0.0
30,R1_fast_wta,2017-09-05,0.0,0.0,0.0,0.0,1.0
30,R1_fast_wta,2017-10-04,0.0,0.0,1.0,0.0,0.0
30,R1_fast_wta,2017-11-02,0.0,0.0,1.0,0.0,0.0
30,R1_fast_wta,2017-12-04,0.0,0.0,1.0,0.0,0.0
30,R1_fast_wta,2018-01-04,0.0,0.0,1.0,0.0,0.0
30,R1_fast_wta,2018-02-05,0.0,0.0,1.0,0.0,0.0
30,R1_fast_wta,2018-03-07,0.0,0.0,1.0,0.0,0.0
30,R1_fast_wta,2018-04-06,0.0,0.0,1.0,0.0,0.0
30,R1_fast_wta,2018-05-07,0.0,0.0,1.0,0.0,0.0
30,R1_fast_wta,2018-06-06,0.0,0.0,1.0,0.0,0.0
30,R1_fast_wta,2018-07-06,0.0,0.0,1.0,0.0,0.0
30,R1_fast_wta,2018-08-06,0.0,0.0,1.0,0.0,0.0
30,R1_fast_wta,2018-09-05,0.0,0.0,1.0,0.0,0.0
30,R1_fast_wta,2018-10-04,0.0,0.0,1.0,0.0,0.0
30,R1_fast_wta,2018-11-02,1.0,0.0,0.0,0.0,0.0
30,R1_fast_wta,2018-12-04,0.0,1.0,0.0,0.0,0.0
30,R1_fast_wta,2019-01-07,0.0,0.0,1.0,0.0,0.0
30,R1_fast_wta,2019-02-06,0.0,0.0,1.0,0.0,0.0
30,R1_fast_wta,2019-03-08,0.0,1.0,0.0,0.0,0.0
30,R1_fast_wta,2019-04-08,0.0,1.0,0.0,0.0,0.0
30,R1_fast_wta,2019-05-08,0.0,1.0,0.0,0.0,0.0
30,R1_fast_wta,2019-06-07,0.0,1.0,0.0,0.0,0.0
30,R1_fast_wta,2019-07-09,0.0,1.0,0.0,0.0,0.0
30,R1_fast_wta,2019-08-07,0.0,1.0,0.0,0.0,0.0
30,R1_fast_wta,2019-09-06,0.0,1.0,0.0,0.0,0.0
30,R1_fast_wta,2019-10-07,0.0,1.0,0.0,0.0,0.0
30,R1_fast_wta,2019-11-05,0.0,0.0,0.0,1.0,0.0
30,R1_fast_wta,2019-12-05,0.0,1.0,0.0,0.0,0.0
30,R1_fast_wta,2020-01-07,0.0,1.0,0.0,0.0,0.0
30,R1_fast_wta,2020-02-06,0.0,1.0,0.0,0.0,0.0
30,R1_fast_wta,2020-03-09,0.0,1.0,0.0,0.0,0.0
30,R1_fast_wta,2020-04-07,0.0,1.0,0.0,0.0,0.0
30,R1_fast_wta,2020-05-07,0.0,1.0,0.0,0.0,0.0
30,R1_fast_wta,2020-06-08,0.0,0.0,1.0,0.0,0.0
30,R1_fast_wta,2020-07-08,1.0,0.0,0.0,0.0,0.0
30,R1_fast_wta,2020-08-06,1.0,0.0,0.0,0.0,0.0
30,R1_fast_wta,2020-09-04,1.0,0.0,0.0,0.0,0.0
30,R1_fast_wta,2020-10-06,1.0,0.0,0.0,0.0,0.0
30,R1_fast_wta,2020-11-04,1.0,0.0,0.0,0.0,0.0
30,R1_fast_wta,2020-12-04,1.0,0.0,0.0,0.0,0.0
30,R1_fast_wta,2021-01-06,1.0,0.0,0.0,0.0,0.0
30,R1_fast_wta,2021-02-05,1.0,0.0,0.0,0.0,0.0
30,R1_fast_wta,2021-03-09,0.0,0.0,0.0,0.0,1.0
30,R1_fast_wta,2021-04-08,1.0,0.0,0.0,0.0,0.0
30,R1_fast_wta,2021-05-07,1.0,0.0,0.0,0.0,0.0
30,R1_fast_wta,2021-06-08,1.0,0.0,0.0,0.0,0.0
30,R1_fast_wta,2021-07-08,1.0,0.0,0.0,0.0,0.0
30,R1_fast_wta,2021-08-06,0.0,0.0,1.0,0.0,0.0
30,R1_fast_wta,2021-09-07,0.0,0.0,1.0,0.0,0.0
30,R1_fast_wta,2021-10-06,0.0,0.0,1.0,0.0,0.0
30,R1_fast_wta,2021-11-04,0.0,0.0,1.0,0.0,0.0
30,R1_fast_wta,2021-12-06,0.0,0.0,1.0,0.0,0.0
30,R1_fast_wta,2022-01-05,0.0,0.0,1.0,0.0,0.0
30,R1_fast_wta,2022-02-04,0.0,0.0,1.0,0.0,0.0
30,R1_fast_wta,2022-03-08,0.0,1.0,0.0,0.0,0.0
30,R1_fast_wta,2022-04-06,0.0,1.0,0.0,0.0,0.0
30,R1_fast_wta,2022-05-06,0.0,1.0,0.0,0.0,0.0
30,R1_fast_wta,2022-06-07,0.0,1.0,0.0,0.0,0.0
30,R1_fast_wta,2022-07-08,0.0,1.0,0.0,0.0,0.0
30,R1_fast_wta,2022-08-08,0.0,0.0,1.0,0.0,0.0
30,R1_fast_wta,2022-09-07,0.0,0.0,1.0,0.0,0.0
30,R1_fast_wta,2022-10-06,0.0,1.0,0.0,0.0,0.0
30,R1_fast_wta,2022-11-04,0.0,1.0,0.0,0.0,0.0
30,R1_fast_wta,2022-12-06,0.0,1.0,0.0,0.0,0.0
30,R1_fast_wta,2023-01-06,0.0,1.0,0.0,0.0,0.0
30,R1_fast_wta,2023-02-07,0.0,1.0,0.0,0.0,0.0
30,R1_fast_wta,2023-03-09,0.0,0.0,1.0,0.0,0.0
30,R1_fast_wta,2023-04-10,0.0,0.0,1.0,0.0,0.0
30,R1_fast_wta,2023-05-09,0.0,0.0,1.0,0.0,0.0
30,R1_fast_wta,2023-06-08,0.0,0.0,1.0,0.0,0.0
30,R1_fast_wta,2023-07-11,0.0,0.0,1.0,0.0,0.0
30,R1_fast_wta,2023-08-09,0.0,0.0,1.0,0.0,0.0
30,R1_fast_wta,2023-09-08,0.0,0.0,1.0,0.0,0.0
30,R1_fast_wta,2023-10-09,0.0,0.0,1.0,0.0,0.0
30,R1_fast_wta,2023-11-07,0.0,0.0,1.0,0.0,0.0
30,R1_fast_wta,2023-12-07,0.0,0.0,1.0,0.0,0.0
30,R1_fast_wta,2024-01-09,0.0,0.0,1.0,0.0,0.0
30,R1_fast_wta,2024-02-08,0.0,0.0,1.0,0.0,0.0
30,R1_fast_wta,2024-03-11,0.0,0.0,0.0,0.0,1.0
30,R1_fast_wta,2024-04-10,0.0,0.0,0.0,0.0,1.0
30,R1_fast_wta,2024-05-09,0.0,0.0,1.0,0.0,0.0
30,R1_fast_wta,2024-06-10,1.0,0.0,0.0,0.0,0.0
30,R1_fast_wta,2024-07-11,1.0,0.0,0.0,0.0,0.0
30,R1_fast_wta,2024-08-09,1.0,0.0,0.0,0.0,0.0
30,R1_fast_wta,2024-09-10,1.0,0.0,0.0,0.0,0.0
30,R1_fast_wta,2024-10-09,0.0,0.0,1.0,0.0,0.0
30,R1_fast_wta,2024-11-07,0.0,0.0,1.0,0.0,0.0
30,R1_fast_wta,2024-12-09,0.0,0.0,1.0,0.0,0.0
30,R1_fast_wta,2025-01-10,0.0,0.0,1.0,0.0,0.0
30,R1_fast_wta,2025-02-11,0.0,0.0,0.0,0.0,1.0
30,R1_fast_wta,2025-03-13,0.0,0.0,0.0,0.0,1.0
30,R1_fast_wta,2025-04-11,0.0,1.0,0.0,0.0,0.0
30,R1_fast_wta,2025-05-13,0.0,0.0,0.0,0.0,1.0
30,R1_fast_wta,2025-06-12,0.0,0.0,0.0,0.0,1.0
30,R1_fast_wta,2025-07-15,0.0,1.0,0.0,0.0,0.0
30,R1_fast_wta,2025-08-13,0.0,1.0,0.0,0.0,0.0
30,R1_fast_wta,2025-09-12,0.0,0.0,0.0,0.0,1.0
30,R1_fast_wta,2025-10-13,0.0,0.0,0.0,0.0,1.0
30,R1_fast_wta,2025-11-11,0.0,0.0,0.0,0.0,1.0
30,R1_fast_wta,2025-12-11,0.0,0.0,0.0,0.0,1.0
30,R1_fast_wta,2026-01-13,0.0,0.0,0.0,0.0,1.0
30,R1_fast_wta,2026-02-12,1.0,0.0,0.0,0.0,0.0
30,R1_fast_wta,2026-03-16,1.0,0.0,0.0,0.0,0.0
30,R1_fast_wta,2026-04-15,0.0,0.0,0.0,0.0,1.0
30,R1_fast_wta,2026-05-14,1.0,0.0,0.0,0.0,0.0
30,R1_fast_wta,2026-06-15,1.0,0.0,0.0,0.0,0.0
30,R2_soft_blend,2017-01-04,0.222,0.222,0.167,0.222,0.167
30,R2_soft_blend,2017-02-03,0.16,0.157,0.273,0.137,0.273
30,R2_soft_blend,2017-03-07,0.182,0.178,0.236,0.168,0.235
30,R2_soft_blend,2017-04-05,0.176,0.17,0.25,0.156,0.248
30,R2_soft_blend,2017-05-05,0.167,0.161,0.257,0.158,0.256
30,R2_soft_blend,2017-06-06,0.176,0.172,0.24,0.173,0.239
30,R2_soft_blend,2017-07-06,0.103,0.094,0.358,0.092,0.353
30,R2_soft_blend,2017-08-04,0.158,0.149,0.269,0.157,0.267
30,R2_soft_blend,2017-09-05,0.174,0.165,0.244,0.172,0.245
30,R2_soft_blend,2017-10-04,0.175,0.166,0.245,0.168,0.245
30,R2_soft_blend,2017-11-02,0.178,0.17,0.245,0.168,0.239
30,R2_soft_blend,2017-12-04,0.191,0.184,0.226,0.179,0.219
30,R2_soft_blend,2018-01-04,0.194,0.186,0.223,0.179,0.219
30,R2_soft_blend,2018-02-05,0.196,0.187,0.216,0.192,0.209
30,R2_soft_blend,2018-03-07,0.183,0.173,0.247,0.167,0.231
30,R2_soft_blend,2018-04-06,0.194,0.183,0.232,0.178,0.214
30,R2_soft_blend,2018-05-07,0.192,0.177,0.244,0.163,0.224
30,R2_soft_blend,2018-06-06,0.171,0.154,0.285,0.133,0.257
30,R2_soft_blend,2018-07-06,0.2,0.189,0.232,0.171,0.208
30,R2_soft_blend,2018-08-06,0.209,0.2,0.217,0.176,0.198
30,R2_soft_blend,2018-09-05,0.207,0.205,0.216,0.176,0.196
30,R2_soft_blend,2018-10-04,0.202,0.2,0.223,0.168,0.207
30,R2_soft_blend,2018-11-02,0.222,0.22,0.205,0.168,0.184
30,R2_soft_blend,2018-12-04,0.212,0.214,0.208,0.172,0.194
30,R2_soft_blend,2019-01-07,0.0,0.0,1.0,0.0,0.0
30,R2_soft_blend,2019-02-06,0.184,0.207,0.239,0.154,0.215
30,R2_soft_blend,2019-03-08,0.211,0.213,0.191,0.203,0.182
30,R2_soft_blend,2019-04-08,0.199,0.206,0.205,0.192,0.198
30,R2_soft_blend,2019-05-08,0.201,0.214,0.199,0.195,0.19
30,R2_soft_blend,2019-06-07,0.216,0.221,0.181,0.207,0.175
30,R2_soft_blend,2019-07-09,0.205,0.21,0.193,0.202,0.19
30,R2_soft_blend,2019-08-07,0.209,0.228,0.18,0.206,0.177
30,R2_soft_blend,2019-09-06,0.219,0.222,0.17,0.22,0.169
30,R2_soft_blend,2019-10-07,0.228,0.238,0.157,0.227,0.15
30,R2_soft_blend,2019-11-05,0.209,0.216,0.179,0.219,0.177
30,R2_soft_blend,2019-12-05,0.215,0.222,0.179,0.216,0.169
30,R2_soft_blend,2020-01-07,0.213,0.216,0.182,0.21,0.178
30,R2_soft_blend,2020-02-06,0.218,0.227,0.17,0.216,0.169
30,R2_soft_blend,2020-03-09,0.228,0.256,0.139,0.233,0.144
30,R2_soft_blend,2020-04-07,0.343,0.461,0.0,0.196,0.0
30,R2_soft_blend,2020-05-07,0.248,0.256,0.134,0.218,0.145
30,R2_soft_blend,2020-06-08,0.17,0.133,0.249,0.199,0.248
30,R2_soft_blend,2020-07-08,0.253,0.234,0.196,0.111,0.206
30,R2_soft_blend,2020-08-06,0.258,0.216,0.191,0.139,0.196
30,R2_soft_blend,2020-09-04,0.237,0.227,0.188,0.153,0.195
30,R2_soft_blend,2020-10-06,0.245,0.204,0.204,0.134,0.212
30,R2_soft_blend,2020-11-04,0.256,0.213,0.19,0.142,0.199
30,R2_soft_blend,2020-12-04,0.238,0.215,0.186,0.166,0.195
30,R2_soft_blend,2021-01-06,0.237,0.224,0.183,0.162,0.194
30,R2_soft_blend,2021-02-05,0.228,0.19,0.218,0.138,0.226
30,R2_soft_blend,2021-03-09,0.22,0.181,0.222,0.154,0.223
30,R2_soft_blend,2021-04-08,0.22,0.197,0.198,0.183,0.203
30,R2_soft_blend,2021-05-07,0.225,0.199,0.195,0.183,0.197
30,R2_soft_blend,2021-06-08,0.241,0.229,0.177,0.173,0.179
30,R2_soft_blend,2021-07-08,0.213,0.191,0.203,0.191,0.203
30,R2_soft_blend,2021-08-06,0.191,0.188,0.21,0.204,0.207
30,R2_soft_blend,2021-09-07,0.186,0.172,0.229,0.187,0.226
30,R2_soft_blend,2021-10-06,0.164,0.168,0.248,0.178,0.242
30,R2_soft_blend,2021-11-04,0.168,0.176,0.242,0.174,0.24
30,R2_soft_blend,2021-12-06,0.156,0.149,0.27,0.156,0.269
30,R2_soft_blend,2022-01-05,0.171,0.162,0.253,0.162,0.252
30,R2_soft_blend,2022-02-04,0.179,0.193,0.235,0.163,0.23
30,R2_soft_blend,2022-03-08,0.181,0.238,0.213,0.166,0.202
30,R2_soft_blend,2022-04-06,0.188,0.241,0.208,0.171,0.192
30,R2_soft_blend,2022-05-06,0.157,0.445,0.166,0.114,0.118
30,R2_soft_blend,2022-06-07,0.152,0.459,0.195,0.075,0.12
30,R2_soft_blend,2022-07-08,0.0,1.0,0.0,0.0,0.0
30,R2_soft_blend,2022-08-08,0.2,0.2,0.2,0.2,0.2
30,R2_soft_blend,2022-09-07,0.2,0.2,0.2,0.2,0.2
30,R2_soft_blend,2022-10-06,0.2,0.2,0.2,0.2,0.2
30,R2_soft_blend,2022-11-04,0.2,0.2,0.2,0.2,0.2
30,R2_soft_blend,2022-12-06,0.2,0.2,0.2,0.2,0.2
30,R2_soft_blend,2023-01-06,0.2,0.2,0.2,0.2,0.2
30,R2_soft_blend,2023-02-07,0.2,0.2,0.2,0.2,0.2
30,R2_soft_blend,2023-03-09,0.2,0.2,0.2,0.2,0.2
30,R2_soft_blend,2023-04-10,0.2,0.2,0.2,0.2,0.2
30,R2_soft_blend,2023-05-09,0.2,0.2,0.2,0.2,0.2
30,R2_soft_blend,2023-06-08,0.2,0.2,0.2,0.2,0.2
30,R2_soft_blend,2023-07-11,0.0,0.0,0.52,0.0,0.48
30,R2_soft_blend,2023-08-09,0.079,0.0,0.431,0.076,0.413
30,R2_soft_blend,2023-09-08,0.093,0.0,0.411,0.095,0.4
30,R2_soft_blend,2023-10-09,0.113,0.0,0.387,0.122,0.377
30,R2_soft_blend,2023-11-07,0.101,0.0,0.408,0.101,0.391
30,R2_soft_blend,2023-12-07,0.0,0.0,0.572,0.0,0.428
30,R2_soft_blend,2024-01-09,0.014,0.0,0.502,0.012,0.471
30,R2_soft_blend,2024-02-08,0.208,0.029,0.278,0.207,0.277
30,R2_soft_blend,2024-03-11,0.213,0.081,0.246,0.211,0.249
30,R2_soft_blend,2024-04-10,0.213,0.02,0.276,0.211,0.28
30,R2_soft_blend,2024-05-09,0.225,0.045,0.256,0.219,0.255
30,R2_soft_blend,2024-06-10,0.235,0.095,0.218,0.232,0.219
30,R2_soft_blend,2024-07-11,0.243,0.081,0.218,0.24,0.219
30,R2_soft_blend,2024-08-09,0.234,0.078,0.23,0.228,0.23
30,R2_soft_blend,2024-09-10,0.223,0.136,0.211,0.219,0.211
30,R2_soft_blend,2024-10-09,0.212,0.128,0.226,0.209,0.225
30,R2_soft_blend,2024-11-07,0.205,0.12,0.237,0.204,0.233
30,R2_soft_blend,2024-12-09,0.212,0.123,0.228,0.212,0.225
30,R2_soft_blend,2025-01-10,0.209,0.124,0.229,0.208,0.229
30,R2_soft_blend,2025-02-11,0.204,0.141,0.225,0.204,0.226
30,R2_soft_blend,2025-03-13,0.199,0.192,0.205,0.197,0.207
30,R2_soft_blend,2025-04-11,0.2,0.239,0.176,0.2,0.185
30,R2_soft_blend,2025-05-13,0.184,0.206,0.207,0.185,0.218
30,R2_soft_blend,2025-06-12,0.172,0.209,0.217,0.173,0.23
30,R2_soft_blend,2025-07-15,0.169,0.232,0.208,0.169,0.222
30,R2_soft_blend,2025-08-13,0.177,0.223,0.207,0.177,0.216
30,R2_soft_blend,2025-09-12,0.178,0.204,0.215,0.174,0.228
30,R2_soft_blend,2025-10-13,0.183,0.215,0.206,0.176,0.221
30,R2_soft_blend,2025-11-11,0.206,0.189,0.198,0.195,0.212
30,R2_soft_blend,2025-12-11,0.207,0.176,0.201,0.196,0.219
30,R2_soft_blend,2026-01-13,0.204,0.199,0.195,0.196,0.205
30,R2_soft_blend,2026-02-12,0.209,0.187,0.196,0.201,0.206
30,R2_soft_blend,2026-03-16,0.215,0.18,0.195,0.207,0.203
30,R2_soft_blend,2026-04-15,0.21,0.166,0.209,0.203,0.212
30,R2_soft_blend,2026-05-14,0.216,0.17,0.202,0.206,0.206
30,R2_soft_blend,2026-06-15,0.22,0.178,0.196,0.209,0.198
50,R1_fast_wta,2017-01-04,1.0,0.0,0.0,0.0,0.0
50,R1_fast_wta,2017-02-03,0.0,0.0,0.0,0.0,1.0
50,R1_fast_wta,2017-03-07,0.0,0.0,0.0,0.0,1.0
50,R1_fast_wta,2017-04-05,0.0,0.0,0.0,0.0,1.0
50,R1_fast_wta,2017-05-05,0.0,0.0,0.0,0.0,1.0
50,R1_fast_wta,2017-06-06,0.0,0.0,0.0,0.0,1.0
50,R1_fast_wta,2017-07-06,0.0,0.0,0.0,0.0,1.0
50,R1_fast_wta,2017-08-04,0.0,0.0,0.0,0.0,1.0
50,R1_fast_wta,2017-09-05,0.0,0.0,0.0,0.0,1.0
50,R1_fast_wta,2017-10-04,0.0,0.0,0.0,0.0,1.0
50,R1_fast_wta,2017-11-02,0.0,0.0,0.0,0.0,1.0
50,R1_fast_wta,2017-12-04,0.0,0.0,0.0,0.0,1.0
50,R1_fast_wta,2018-01-04,0.0,0.0,0.0,0.0,1.0
50,R1_fast_wta,2018-02-05,0.0,0.0,0.0,0.0,1.0
50,R1_fast_wta,2018-03-07,0.0,0.0,0.0,0.0,1.0
50,R1_fast_wta,2018-04-06,0.0,0.0,0.0,0.0,1.0
50,R1_fast_wta,2018-05-07,0.0,0.0,0.0,0.0,1.0
50,R1_fast_wta,2018-06-06,0.0,0.0,0.0,0.0,1.0
50,R1_fast_wta,2018-07-06,0.0,0.0,1.0,0.0,0.0
50,R1_fast_wta,2018-08-06,0.0,0.0,1.0,0.0,0.0
50,R1_fast_wta,2018-09-05,0.0,0.0,1.0,0.0,0.0
50,R1_fast_wta,2018-10-04,0.0,0.0,0.0,0.0,1.0
50,R1_fast_wta,2018-11-02,0.0,0.0,1.0,0.0,0.0
50,R1_fast_wta,2018-12-04,0.0,0.0,1.0,0.0,0.0
50,R1_fast_wta,2019-01-07,0.0,0.0,1.0,0.0,0.0
50,R1_fast_wta,2019-02-06,0.0,0.0,1.0,0.0,0.0
50,R1_fast_wta,2019-03-08,0.0,0.0,1.0,0.0,0.0
50,R1_fast_wta,2019-04-08,0.0,0.0,1.0,0.0,0.0
50,R1_fast_wta,2019-05-08,0.0,1.0,0.0,0.0,0.0
50,R1_fast_wta,2019-06-07,0.0,1.0,0.0,0.0,0.0
50,R1_fast_wta,2019-07-09,0.0,1.0,0.0,0.0,0.0
50,R1_fast_wta,2019-08-07,0.0,1.0,0.0,0.0,0.0
50,R1_fast_wta,2019-09-06,0.0,1.0,0.0,0.0,0.0
50,R1_fast_wta,2019-10-07,0.0,1.0,0.0,0.0,0.0
50,R1_fast_wta,2019-11-05,0.0,1.0,0.0,0.0,0.0
50,R1_fast_wta,2019-12-05,0.0,1.0,0.0,0.0,0.0
50,R1_fast_wta,2020-01-07,1.0,0.0,0.0,0.0,0.0
50,R1_fast_wta,2020-02-06,1.0,0.0,0.0,0.0,0.0
50,R1_fast_wta,2020-03-09,0.0,1.0,0.0,0.0,0.0
50,R1_fast_wta,2020-04-07,1.0,0.0,0.0,0.0,0.0
50,R1_fast_wta,2020-05-07,0.0,0.0,0.0,1.0,0.0
50,R1_fast_wta,2020-06-08,0.0,0.0,0.0,0.0,1.0
50,R1_fast_wta,2020-07-08,0.0,0.0,0.0,0.0,1.0
50,R1_fast_wta,2020-08-06,0.0,0.0,0.0,0.0,1.0
50,R1_fast_wta,2020-09-04,0.0,1.0,0.0,0.0,0.0
50,R1_fast_wta,2020-10-06,0.0,0.0,0.0,0.0,1.0
50,R1_fast_wta,2020-11-04,0.0,0.0,0.0,0.0,1.0
50,R1_fast_wta,2020-12-04,0.0,1.0,0.0,0.0,0.0
50,R1_fast_wta,2021-01-06,0.0,1.0,0.0,0.0,0.0
50,R1_fast_wta,2021-02-05,0.0,0.0,0.0,0.0,1.0
50,R1_fast_wta,2021-03-09,0.0,0.0,1.0,0.0,0.0
50,R1_fast_wta,2021-04-08,0.0,0.0,1.0,0.0,0.0
50,R1_fast_wta,2021-05-07,0.0,0.0,1.0,0.0,0.0
50,R1_fast_wta,2021-06-08,0.0,1.0,0.0,0.0,0.0
50,R1_fast_wta,2021-07-08,0.0,0.0,1.0,0.0,0.0
50,R1_fast_wta,2021-08-06,0.0,0.0,1.0,0.0,0.0
50,R1_fast_wta,2021-09-07,0.0,0.0,1.0,0.0,0.0
50,R1_fast_wta,2021-10-06,0.0,0.0,1.0,0.0,0.0
50,R1_fast_wta,2021-11-04,0.0,0.0,1.0,0.0,0.0
50,R1_fast_wta,2021-12-06,0.0,0.0,1.0,0.0,0.0
50,R1_fast_wta,2022-01-05,0.0,0.0,1.0,0.0,0.0
50,R1_fast_wta,2022-02-04,0.0,0.0,1.0,0.0,0.0
50,R1_fast_wta,2022-03-08,0.0,0.0,1.0,0.0,0.0
50,R1_fast_wta,2022-04-06,0.0,0.0,0.0,1.0,0.0
50,R1_fast_wta,2022-05-06,0.0,0.0,0.0,1.0,0.0
50,R1_fast_wta,2022-06-07,0.0,0.0,0.0,1.0,0.0
50,R1_fast_wta,2022-07-08,0.0,0.0,0.0,1.0,0.0
50,R1_fast_wta,2022-08-08,0.0,0.0,1.0,0.0,0.0
50,R1_fast_wta,2022-09-07,0.0,0.0,1.0,0.0,0.0
50,R1_fast_wta,2022-10-06,0.0,1.0,0.0,0.0,0.0
50,R1_fast_wta,2022-11-04,0.0,1.0,0.0,0.0,0.0
50,R1_fast_wta,2022-12-06,0.0,1.0,0.0,0.0,0.0
50,R1_fast_wta,2023-01-06,0.0,1.0,0.0,0.0,0.0
50,R1_fast_wta,2023-02-07,0.0,1.0,0.0,0.0,0.0
50,R1_fast_wta,2023-03-09,0.0,0.0,1.0,0.0,0.0
50,R1_fast_wta,2023-04-10,0.0,0.0,0.0,0.0,1.0
50,R1_fast_wta,2023-05-09,0.0,0.0,0.0,0.0,1.0
50,R1_fast_wta,2023-06-08,0.0,0.0,0.0,0.0,1.0
50,R1_fast_wta,2023-07-11,0.0,0.0,0.0,0.0,1.0
50,R1_fast_wta,2023-08-09,0.0,0.0,0.0,0.0,1.0
50,R1_fast_wta,2023-09-08,0.0,0.0,0.0,0.0,1.0
50,R1_fast_wta,2023-10-09,0.0,0.0,0.0,0.0,1.0
50,R1_fast_wta,2023-11-07,0.0,0.0,0.0,0.0,1.0
50,R1_fast_wta,2023-12-07,0.0,0.0,0.0,0.0,1.0
50,R1_fast_wta,2024-01-09,0.0,0.0,0.0,0.0,1.0
50,R1_fast_wta,2024-02-08,0.0,0.0,0.0,0.0,1.0
50,R1_fast_wta,2024-03-11,0.0,0.0,0.0,0.0,1.0
50,R1_fast_wta,2024-04-10,0.0,0.0,1.0,0.0,0.0
50,R1_fast_wta,2024-05-09,0.0,0.0,1.0,0.0,0.0
50,R1_fast_wta,2024-06-10,0.0,0.0,1.0,0.0,0.0
50,R1_fast_wta,2024-07-11,0.0,0.0,1.0,0.0,0.0
50,R1_fast_wta,2024-08-09,0.0,0.0,1.0,0.0,0.0
50,R1_fast_wta,2024-09-10,0.0,0.0,1.0,0.0,0.0
50,R1_fast_wta,2024-10-09,0.0,0.0,1.0,0.0,0.0
50,R1_fast_wta,2024-11-07,0.0,0.0,1.0,0.0,0.0
50,R1_fast_wta,2024-12-09,0.0,0.0,1.0,0.0,0.0
50,R1_fast_wta,2025-01-10,0.0,0.0,1.0,0.0,0.0
50,R1_fast_wta,2025-02-11,0.0,0.0,1.0,0.0,0.0
50,R1_fast_wta,2025-03-13,0.0,1.0,0.0,0.0,0.0
50,R1_fast_wta,2025-04-11,0.0,1.0,0.0,0.0,0.0
50,R1_fast_wta,2025-05-13,0.0,1.0,0.0,0.0,0.0
50,R1_fast_wta,2025-06-12,0.0,1.0,0.0,0.0,0.0
50,R1_fast_wta,2025-07-15,0.0,1.0,0.0,0.0,0.0
50,R1_fast_wta,2025-08-13,0.0,1.0,0.0,0.0,0.0
50,R1_fast_wta,2025-09-12,0.0,1.0,0.0,0.0,0.0
50,R1_fast_wta,2025-10-13,0.0,1.0,0.0,0.0,0.0
50,R1_fast_wta,2025-11-11,0.0,1.0,0.0,0.0,0.0
50,R1_fast_wta,2025-12-11,0.0,0.0,0.0,0.0,1.0
50,R1_fast_wta,2026-01-13,0.0,1.0,0.0,0.0,0.0
50,R1_fast_wta,2026-02-12,0.0,1.0,0.0,0.0,0.0
50,R1_fast_wta,2026-03-16,0.0,1.0,0.0,0.0,0.0
50,R1_fast_wta,2026-04-15,0.0,1.0,0.0,0.0,0.0
50,R1_fast_wta,2026-05-14,0.0,1.0,0.0,0.0,0.0
50,R1_fast_wta,2026-06-15,0.0,1.0,0.0,0.0,0.0
50,R2_soft_blend,2017-01-04,0.234,0.234,0.15,0.234,0.15
50,R2_soft_blend,2017-02-03,0.159,0.159,0.269,0.139,0.274
50,R2_soft_blend,2017-03-07,0.169,0.169,0.249,0.158,0.254
50,R2_soft_blend,2017-04-05,0.164,0.163,0.263,0.143,0.268
50,R2_soft_blend,2017-05-05,0.161,0.161,0.262,0.15,0.265
50,R2_soft_blend,2017-06-06,0.176,0.176,0.238,0.171,0.239
50,R2_soft_blend,2017-07-06,0.067,0.062,0.405,0.045,0.421
50,R2_soft_blend,2017-08-04,0.154,0.154,0.264,0.15,0.278
50,R2_soft_blend,2017-09-05,0.174,0.17,0.238,0.165,0.253
50,R2_soft_blend,2017-10-04,0.17,0.17,0.243,0.161,0.256
50,R2_soft_blend,2017-11-02,0.166,0.169,0.242,0.165,0.259
50,R2_soft_blend,2017-12-04,0.178,0.18,0.227,0.173,0.241
50,R2_soft_blend,2018-01-04,0.181,0.183,0.223,0.173,0.239
50,R2_soft_blend,2018-02-05,0.189,0.185,0.213,0.192,0.22
50,R2_soft_blend,2018-03-07,0.166,0.162,0.251,0.161,0.26
50,R2_soft_blend,2018-04-06,0.178,0.177,0.223,0.191,0.231
50,R2_soft_blend,2018-05-07,0.153,0.136,0.265,0.167,0.279
50,R2_soft_blend,2018-06-06,0.081,0.047,0.369,0.113,0.39
50,R2_soft_blend,2018-07-06,0.173,0.173,0.23,0.201,0.223
50,R2_soft_blend,2018-08-06,0.191,0.187,0.214,0.201,0.208
50,R2_soft_blend,2018-09-05,0.184,0.182,0.226,0.184,0.224
50,R2_soft_blend,2018-10-04,0.165,0.167,0.242,0.183,0.243
50,R2_soft_blend,2018-11-02,0.202,0.213,0.219,0.175,0.191
50,R2_soft_blend,2018-12-04,0.19,0.211,0.232,0.167,0.2
50,R2_soft_blend,2019-01-07,0.2,0.2,0.2,0.2,0.2
50,R2_soft_blend,2019-02-06,0.11,0.231,0.299,0.168,0.192
50,R2_soft_blend,2019-03-08,0.186,0.212,0.214,0.212,0.176
50,R2_soft_blend,2019-04-08,0.181,0.207,0.225,0.185,0.203
50,R2_soft_blend,2019-05-08,0.193,0.234,0.198,0.192,0.183
50,R2_soft_blend,2019-06-07,0.202,0.237,0.187,0.198,0.176
50,R2_soft_blend,2019-07-09,0.196,0.223,0.202,0.186,0.193
50,R2_soft_blend,2019-08-07,0.186,0.244,0.209,0.171,0.19
50,R2_soft_blend,2019-09-06,0.203,0.233,0.188,0.203,0.173
50,R2_soft_blend,2019-10-07,0.219,0.248,0.174,0.203,0.157
50,R2_soft_blend,2019-11-05,0.205,0.222,0.189,0.203,0.182
50,R2_soft_blend,2019-12-05,0.204,0.219,0.19,0.203,0.183
50,R2_soft_blend,2020-01-07,0.209,0.209,0.191,0.199,0.192
50,R2_soft_blend,2020-02-06,0.214,0.214,0.184,0.203,0.185
50,R2_soft_blend,2020-03-09,0.225,0.236,0.154,0.22,0.165
50,R2_soft_blend,2020-04-07,0.341,0.327,0.0,0.3,0.032
50,R2_soft_blend,2020-05-07,0.224,0.144,0.199,0.233,0.2
50,R2_soft_blend,2020-06-08,0.2,0.058,0.282,0.171,0.288
50,R2_soft_blend,2020-07-08,0.119,0.119,0.32,0.115,0.327
50,R2_soft_blend,2020-08-06,0.2,0.199,0.208,0.18,0.214
50,R2_soft_blend,2020-09-04,0.195,0.213,0.203,0.185,0.205
50,R2_soft_blend,2020-10-06,0.185,0.189,0.225,0.17,0.231
50,R2_soft_blend,2020-11-04,0.199,0.178,0.223,0.173,0.228
50,R2_soft_blend,2020-12-04,0.211,0.217,0.192,0.181,0.199
50,R2_soft_blend,2021-01-06,0.209,0.224,0.188,0.175,0.203
50,R2_soft_blend,2021-02-05,0.163,0.185,0.256,0.121,0.275
50,R2_soft_blend,2021-03-09,0.185,0.181,0.245,0.148,0.24
50,R2_soft_blend,2021-04-08,0.19,0.19,0.222,0.176,0.221
50,R2_soft_blend,2021-05-07,0.191,0.2,0.218,0.174,0.216
50,R2_soft_blend,2021-06-08,0.188,0.232,0.201,0.182,0.197
50,R2_soft_blend,2021-07-08,0.201,0.179,0.219,0.184,0.217
50,R2_soft_blend,2021-08-06,0.191,0.163,0.232,0.186,0.228
50,R2_soft_blend,2021-09-07,0.184,0.155,0.245,0.175,0.242
50,R2_soft_blend,2021-10-06,0.165,0.134,0.276,0.161,0.265
50,R2_soft_blend,2021-11-04,0.17,0.165,0.252,0.169,0.244
50,R2_soft_blend,2021-12-06,0.144,0.104,0.305,0.155,0.291
50,R2_soft_blend,2022-01-05,0.163,0.138,0.273,0.17,0.257
50,R2_soft_blend,2022-02-04,0.199,0.157,0.233,0.196,0.215
50,R2_soft_blend,2022-03-08,0.179,0.155,0.241,0.2,0.224
50,R2_soft_blend,2022-04-06,0.201,0.18,0.21,0.213,0.197
50,R2_soft_blend,2022-05-06,0.216,0.178,0.214,0.25,0.142
50,R2_soft_blend,2022-06-07,0.225,0.237,0.187,0.282,0.07
50,R2_soft_blend,2022-07-08,0.2,0.2,0.2,0.2,0.2
50,R2_soft_blend,2022-08-08,0.2,0.2,0.2,0.2,0.2
50,R2_soft_blend,2022-09-07,0.2,0.2,0.2,0.2,0.2
50,R2_soft_blend,2022-10-06,0.2,0.2,0.2,0.2,0.2
50,R2_soft_blend,2022-11-04,0.2,0.2,0.2,0.2,0.2
50,R2_soft_blend,2022-12-06,0.2,0.2,0.2,0.2,0.2
50,R2_soft_blend,2023-01-06,0.2,0.2,0.2,0.2,0.2
50,R2_soft_blend,2023-02-07,0.2,0.2,0.2,0.2,0.2
50,R2_soft_blend,2023-03-09,0.2,0.2,0.2,0.2,0.2
50,R2_soft_blend,2023-04-10,0.2,0.2,0.2,0.2,0.2
50,R2_soft_blend,2023-05-09,0.2,0.2,0.2,0.2,0.2
50,R2_soft_blend,2023-06-08,0.2,0.2,0.2,0.2,0.2
50,R2_soft_blend,2023-07-11,0.0,0.0,0.0,0.0,1.0
50,R2_soft_blend,2023-08-09,0.084,0.0,0.186,0.194,0.536
50,R2_soft_blend,2023-09-08,0.088,0.0,0.298,0.154,0.46
50,R2_soft_blend,2023-10-09,0.0,0.0,0.412,0.012,0.575
50,R2_soft_blend,2023-11-07,0.0,0.0,0.421,0.0,0.579
50,R2_soft_blend,2023-12-07,0.2,0.2,0.2,0.2,0.2
50,R2_soft_blend,2024-01-09,0.0,0.0,0.472,0.0,0.528
50,R2_soft_blend,2024-02-08,0.196,0.086,0.248,0.204,0.266
50,R2_soft_blend,2024-03-11,0.195,0.116,0.242,0.2,0.247
50,R2_soft_blend,2024-04-10,0.158,0.035,0.33,0.169,0.308
50,R2_soft_blend,2024-05-09,0.176,0.07,0.291,0.184,0.278
50,R2_soft_blend,2024-06-10,0.202,0.167,0.217,0.204,0.21
50,R2_soft_blend,2024-07-11,0.207,0.161,0.216,0.207,0.209
50,R2_soft_blend,2024-08-09,0.191,0.199,0.22,0.191,0.199
50,R2_soft_blend,2024-09-10,0.193,0.204,0.211,0.194,0.198
50,R2_soft_blend,2024-10-09,0.195,0.206,0.207,0.195,0.198
50,R2_soft_blend,2024-11-07,0.198,0.189,0.212,0.198,0.204
50,R2_soft_blend,2024-12-09,0.202,0.188,0.211,0.2,0.199
50,R2_soft_blend,2025-01-10,0.204,0.198,0.207,0.202,0.189
50,R2_soft_blend,2025-02-11,0.2,0.186,0.216,0.199,0.199
50,R2_soft_blend,2025-03-13,0.199,0.235,0.193,0.196,0.178
50,R2_soft_blend,2025-04-11,0.215,0.275,0.158,0.209,0.143
50,R2_soft_blend,2025-05-13,0.189,0.249,0.194,0.182,0.186
50,R2_soft_blend,2025-06-12,0.19,0.238,0.197,0.185,0.19
50,R2_soft_blend,2025-07-15,0.175,0.267,0.195,0.169,0.194
50,R2_soft_blend,2025-08-13,0.196,0.228,0.193,0.189,0.194
50,R2_soft_blend,2025-09-12,0.194,0.224,0.193,0.186,0.203
50,R2_soft_blend,2025-10-13,0.184,0.253,0.193,0.171,0.199
50,R2_soft_blend,2025-11-11,0.181,0.246,0.195,0.173,0.205
50,R2_soft_blend,2025-12-11,0.169,0.234,0.207,0.155,0.235
50,R2_soft_blend,2026-01-13,0.189,0.217,0.199,0.184,0.21
50,R2_soft_blend,2026-02-12,0.199,0.227,0.187,0.195,0.192
50,R2_soft_blend,2026-03-16,0.207,0.213,0.19,0.205,0.185
50,R2_soft_blend,2026-04-15,0.188,0.211,0.21,0.187,0.203
50,R2_soft_blend,2026-05-14,0.205,0.215,0.195,0.205,0.181
50,R2_soft_blend,2026-06-15,0.201,0.221,0.197,0.202,0.179
100,R1_fast_wta,2017-01-04,1.0,0.0,0.0,0.0,0.0
100,R1_fast_wta,2017-02-03,0.0,0.0,0.0,0.0,1.0
100,R1_fast_wta,2017-03-07,0.0,0.0,0.0,0.0,1.0
100,R1_fast_wta,2017-04-05,0.0,0.0,0.0,0.0,1.0
100,R1_fast_wta,2017-05-05,0.0,0.0,0.0,0.0,1.0
100,R1_fast_wta,2017-06-06,1.0,0.0,0.0,0.0,0.0
100,R1_fast_wta,2017-07-06,0.0,0.0,1.0,0.0,0.0
100,R1_fast_wta,2017-08-04,0.0,0.0,1.0,0.0,0.0
100,R1_fast_wta,2017-09-05,0.0,0.0,1.0,0.0,0.0
100,R1_fast_wta,2017-10-04,0.0,0.0,1.0,0.0,0.0
100,R1_fast_wta,2017-11-02,0.0,0.0,1.0,0.0,0.0
100,R1_fast_wta,2017-12-04,0.0,0.0,1.0,0.0,0.0
100,R1_fast_wta,2018-01-04,0.0,0.0,1.0,0.0,0.0
100,R1_fast_wta,2018-02-05,0.0,0.0,1.0,0.0,0.0
100,R1_fast_wta,2018-03-07,0.0,0.0,0.0,0.0,1.0
100,R1_fast_wta,2018-04-06,0.0,0.0,1.0,0.0,0.0
100,R1_fast_wta,2018-05-07,0.0,0.0,0.0,0.0,1.0
100,R1_fast_wta,2018-06-06,0.0,0.0,0.0,0.0,1.0
100,R1_fast_wta,2018-07-06,0.0,0.0,0.0,0.0,1.0
100,R1_fast_wta,2018-08-06,0.0,0.0,0.0,0.0,1.0
100,R1_fast_wta,2018-09-05,0.0,0.0,0.0,0.0,1.0
100,R1_fast_wta,2018-10-04,0.0,0.0,0.0,0.0,1.0
100,R1_fast_wta,2018-11-02,0.0,0.0,0.0,1.0,0.0
100,R1_fast_wta,2018-12-04,0.0,0.0,0.0,1.0,0.0
100,R1_fast_wta,2019-01-07,0.0,0.0,0.0,1.0,0.0
100,R1_fast_wta,2019-02-06,0.0,0.0,0.0,1.0,0.0
100,R1_fast_wta,2019-03-08,0.0,0.0,0.0,1.0,0.0
100,R1_fast_wta,2019-04-08,0.0,0.0,0.0,0.0,1.0
100,R1_fast_wta,2019-05-08,0.0,0.0,0.0,1.0,0.0
100,R1_fast_wta,2019-06-07,0.0,0.0,0.0,1.0,0.0
100,R1_fast_wta,2019-07-09,0.0,0.0,0.0,1.0,0.0
100,R1_fast_wta,2019-08-07,0.0,0.0,0.0,1.0,0.0
100,R1_fast_wta,2019-09-06,1.0,0.0,0.0,0.0,0.0
100,R1_fast_wta,2019-10-07,1.0,0.0,0.0,0.0,0.0
100,R1_fast_wta,2019-11-05,0.0,0.0,0.0,0.0,1.0
100,R1_fast_wta,2019-12-05,0.0,0.0,0.0,0.0,1.0
100,R1_fast_wta,2020-01-07,0.0,0.0,0.0,0.0,1.0
100,R1_fast_wta,2020-02-06,0.0,0.0,0.0,0.0,1.0
100,R1_fast_wta,2020-03-09,0.0,0.0,1.0,0.0,0.0
100,R1_fast_wta,2020-04-07,0.0,0.0,1.0,0.0,0.0
100,R1_fast_wta,2020-05-07,0.0,0.0,1.0,0.0,0.0
100,R1_fast_wta,2020-06-08,0.0,0.0,1.0,0.0,0.0
100,R1_fast_wta,2020-07-08,0.0,0.0,1.0,0.0,0.0
100,R1_fast_wta,2020-08-06,0.0,0.0,1.0,0.0,0.0
100,R1_fast_wta,2020-09-04,0.0,0.0,1.0,0.0,0.0
100,R1_fast_wta,2020-10-06,0.0,0.0,1.0,0.0,0.0
100,R1_fast_wta,2020-11-04,0.0,0.0,1.0,0.0,0.0
100,R1_fast_wta,2020-12-04,0.0,0.0,1.0,0.0,0.0
100,R1_fast_wta,2021-01-06,0.0,0.0,1.0,0.0,0.0
100,R1_fast_wta,2021-02-05,0.0,0.0,1.0,0.0,0.0
100,R1_fast_wta,2021-03-09,0.0,0.0,1.0,0.0,0.0
100,R1_fast_wta,2021-04-08,0.0,0.0,1.0,0.0,0.0
100,R1_fast_wta,2021-05-07,0.0,0.0,1.0,0.0,0.0
100,R1_fast_wta,2021-06-08,0.0,0.0,1.0,0.0,0.0
100,R1_fast_wta,2021-07-08,0.0,0.0,1.0,0.0,0.0
100,R1_fast_wta,2021-08-06,0.0,0.0,1.0,0.0,0.0
100,R1_fast_wta,2021-09-07,0.0,0.0,1.0,0.0,0.0
100,R1_fast_wta,2021-10-06,0.0,0.0,1.0,0.0,0.0
100,R1_fast_wta,2021-11-04,0.0,0.0,1.0,0.0,0.0
100,R1_fast_wta,2021-12-06,0.0,0.0,1.0,0.0,0.0
100,R1_fast_wta,2022-01-05,0.0,0.0,1.0,0.0,0.0
100,R1_fast_wta,2022-02-04,0.0,0.0,1.0,0.0,0.0
100,R1_fast_wta,2022-03-08,0.0,0.0,0.0,1.0,0.0
100,R1_fast_wta,2022-04-06,0.0,1.0,0.0,0.0,0.0
100,R1_fast_wta,2022-05-06,0.0,1.0,0.0,0.0,0.0
100,R1_fast_wta,2022-06-07,0.0,1.0,0.0,0.0,0.0
100,R1_fast_wta,2022-07-08,0.0,1.0,0.0,0.0,0.0
100,R1_fast_wta,2022-08-08,0.0,0.0,1.0,0.0,0.0
100,R1_fast_wta,2022-09-07,0.0,0.0,1.0,0.0,0.0
100,R1_fast_wta,2022-10-06,0.0,0.0,1.0,0.0,0.0
100,R1_fast_wta,2022-11-04,0.0,0.0,1.0,0.0,0.0
100,R1_fast_wta,2022-12-06,0.0,0.0,1.0,0.0,0.0
100,R1_fast_wta,2023-01-06,0.0,1.0,0.0,0.0,0.0
100,R1_fast_wta,2023-02-07,0.0,0.0,1.0,0.0,0.0
100,R1_fast_wta,2023-03-09,0.0,0.0,1.0,0.0,0.0
100,R1_fast_wta,2023-04-10,0.0,0.0,1.0,0.0,0.0
100,R1_fast_wta,2023-05-09,0.0,0.0,1.0,0.0,0.0
100,R1_fast_wta,2023-06-08,0.0,0.0,1.0,0.0,0.0
100,R1_fast_wta,2023-07-11,0.0,0.0,1.0,0.0,0.0
100,R1_fast_wta,2023-08-09,0.0,0.0,1.0,0.0,0.0
100,R1_fast_wta,2023-09-08,0.0,0.0,1.0,0.0,0.0
100,R1_fast_wta,2023-10-09,0.0,1.0,0.0,0.0,0.0
100,R1_fast_wta,2023-11-07,0.0,0.0,1.0,0.0,0.0
100,R1_fast_wta,2023-12-07,0.0,0.0,1.0,0.0,0.0
100,R1_fast_wta,2024-01-09,0.0,0.0,1.0,0.0,0.0
100,R1_fast_wta,2024-02-08,0.0,0.0,1.0,0.0,0.0
100,R1_fast_wta,2024-03-11,0.0,0.0,1.0,0.0,0.0
100,R1_fast_wta,2024-04-10,0.0,0.0,1.0,0.0,0.0
100,R1_fast_wta,2024-05-09,0.0,0.0,1.0,0.0,0.0
100,R1_fast_wta,2024-06-10,0.0,0.0,0.0,1.0,0.0
100,R1_fast_wta,2024-07-11,0.0,0.0,0.0,1.0,0.0
100,R1_fast_wta,2024-08-09,0.0,0.0,0.0,1.0,0.0
100,R1_fast_wta,2024-09-10,0.0,0.0,0.0,1.0,0.0
100,R1_fast_wta,2024-10-09,0.0,0.0,0.0,1.0,0.0
100,R1_fast_wta,2024-11-07,0.0,0.0,1.0,0.0,0.0
100,R1_fast_wta,2024-12-09,0.0,0.0,1.0,0.0,0.0
100,R1_fast_wta,2025-01-10,0.0,0.0,0.0,1.0,0.0
100,R1_fast_wta,2025-02-11,0.0,0.0,1.0,0.0,0.0
100,R1_fast_wta,2025-03-13,0.0,0.0,0.0,1.0,0.0
100,R1_fast_wta,2025-04-11,0.0,0.0,0.0,1.0,0.0
100,R1_fast_wta,2025-05-13,0.0,0.0,1.0,0.0,0.0
100,R1_fast_wta,2025-06-12,0.0,0.0,1.0,0.0,0.0
100,R1_fast_wta,2025-07-15,0.0,0.0,0.0,0.0,1.0
100,R1_fast_wta,2025-08-13,1.0,0.0,0.0,0.0,0.0
100,R1_fast_wta,2025-09-12,1.0,0.0,0.0,0.0,0.0
100,R1_fast_wta,2025-10-13,0.0,0.0,0.0,1.0,0.0
100,R1_fast_wta,2025-11-11,0.0,0.0,0.0,1.0,0.0
100,R1_fast_wta,2025-12-11,0.0,0.0,0.0,1.0,0.0
100,R1_fast_wta,2026-01-13,0.0,0.0,0.0,1.0,0.0
100,R1_fast_wta,2026-02-12,0.0,0.0,0.0,1.0,0.0
100,R1_fast_wta,2026-03-16,0.0,0.0,0.0,1.0,0.0
100,R1_fast_wta,2026-04-15,0.0,0.0,0.0,1.0,0.0
100,R1_fast_wta,2026-05-14,0.0,0.0,0.0,1.0,0.0
100,R1_fast_wta,2026-06-15,0.0,0.0,0.0,1.0,0.0
100,R2_soft_blend,2017-01-04,0.235,0.235,0.147,0.235,0.147
100,R2_soft_blend,2017-02-03,0.167,0.16,0.262,0.14,0.271
100,R2_soft_blend,2017-03-07,0.193,0.188,0.217,0.18,0.222
100,R2_soft_blend,2017-04-05,0.206,0.203,0.201,0.182,0.208
100,R2_soft_blend,2017-05-05,0.203,0.207,0.207,0.177,0.207
100,R2_soft_blend,2017-06-06,0.213,0.209,0.195,0.19,0.193
100,R2_soft_blend,2017-07-06,0.088,0.086,0.399,0.045,0.382
100,R2_soft_blend,2017-08-04,0.175,0.162,0.254,0.161,0.248
100,R2_soft_blend,2017-09-05,0.19,0.185,0.23,0.174,0.221
100,R2_soft_blend,2017-10-04,0.198,0.195,0.235,0.144,0.228
100,R2_soft_blend,2017-11-02,0.194,0.186,0.242,0.141,0.237
100,R2_soft_blend,2017-12-04,0.198,0.186,0.239,0.143,0.234
100,R2_soft_blend,2018-01-04,0.203,0.189,0.238,0.135,0.236
100,R2_soft_blend,2018-02-05,0.205,0.19,0.23,0.151,0.224
100,R2_soft_blend,2018-03-07,0.163,0.142,0.335,0.017,0.343
100,R2_soft_blend,2018-04-06,0.166,0.151,0.295,0.092,0.295
100,R2_soft_blend,2018-05-07,0.06,0.0,0.456,0.004,0.48
100,R2_soft_blend,2018-06-06,0.0,0.0,0.471,0.0,0.529
100,R2_soft_blend,2018-07-06,0.125,0.122,0.298,0.121,0.333
100,R2_soft_blend,2018-08-06,0.134,0.135,0.279,0.148,0.303
100,R2_soft_blend,2018-09-05,0.146,0.127,0.264,0.179,0.283
100,R2_soft_blend,2018-10-04,0.114,0.09,0.271,0.225,0.301
100,R2_soft_blend,2018-11-02,0.144,0.13,0.197,0.298,0.231
100,R2_soft_blend,2018-12-04,0.106,0.117,0.215,0.306,0.256
100,R2_soft_blend,2019-01-07,0.2,0.2,0.2,0.2,0.2
100,R2_soft_blend,2019-02-06,0.0,0.0,0.158,0.6,0.241
100,R2_soft_blend,2019-03-08,0.175,0.159,0.152,0.352,0.162
100,R2_soft_blend,2019-04-08,0.14,0.107,0.241,0.256,0.257
100,R2_soft_blend,2019-05-08,0.182,0.139,0.201,0.259,0.218
100,R2_soft_blend,2019-06-07,0.226,0.179,0.164,0.266,0.165
100,R2_soft_blend,2019-07-09,0.209,0.152,0.193,0.251,0.195
100,R2_soft_blend,2019-08-07,0.232,0.144,0.182,0.25,0.191
100,R2_soft_blend,2019-09-06,0.228,0.176,0.189,0.204,0.203
100,R2_soft_blend,2019-10-07,0.245,0.201,0.17,0.207,0.176
100,R2_soft_blend,2019-11-05,0.206,0.161,0.211,0.206,0.216
100,R2_soft_blend,2019-12-05,0.211,0.141,0.233,0.176,0.239
100,R2_soft_blend,2020-01-07,0.206,0.174,0.224,0.169,0.227
100,R2_soft_blend,2020-02-06,0.206,0.173,0.223,0.172,0.227
100,R2_soft_blend,2020-03-09,0.199,0.15,0.273,0.119,0.26
100,R2_soft_blend,2020-04-07,0.2,0.2,0.2,0.2,0.2
100,R2_soft_blend,2020-05-07,0.0,0.0,1.0,0.0,0.0
100,R2_soft_blend,2020-06-08,0.0,0.0,0.547,0.0,0.453
100,R2_soft_blend,2020-07-08,0.0,0.0,0.604,0.0,0.396
100,R2_soft_blend,2020-08-06,0.0,0.031,0.524,0.0,0.445
100,R2_soft_blend,2020-09-04,0.0,0.021,0.543,0.0,0.436
100,R2_soft_blend,2020-10-06,0.0,0.0,0.551,0.0,0.449
100,R2_soft_blend,2020-11-04,0.0,0.0,0.566,0.0,0.434
100,R2_soft_blend,2020-12-04,0.023,0.178,0.438,0.0,0.361
100,R2_soft_blend,2021-01-06,0.0,0.106,0.499,0.0,0.395
100,R2_soft_blend,2021-02-05,0.0,0.0,0.573,0.0,0.427
100,R2_soft_blend,2021-03-09,0.0,0.088,0.495,0.0,0.417
100,R2_soft_blend,2021-04-08,0.111,0.183,0.277,0.165,0.263
100,R2_soft_blend,2021-05-07,0.193,0.169,0.254,0.14,0.245
100,R2_soft_blend,2021-06-08,0.212,0.196,0.232,0.139,0.221
100,R2_soft_blend,2021-07-08,0.191,0.182,0.256,0.131,0.241
100,R2_soft_blend,2021-08-06,0.175,0.169,0.279,0.109,0.267
100,R2_soft_blend,2021-09-07,0.158,0.167,0.281,0.122,0.271
100,R2_soft_blend,2021-10-06,0.108,0.14,0.313,0.136,0.302
100,R2_soft_blend,2021-11-04,0.116,0.15,0.304,0.137,0.293
100,R2_soft_blend,2021-12-06,0.096,0.096,0.329,0.155,0.324
100,R2_soft_blend,2022-01-05,0.14,0.139,0.276,0.173,0.272
100,R2_soft_blend,2022-02-04,0.204,0.201,0.209,0.182,0.204
100,R2_soft_blend,2022-03-08,0.181,0.206,0.203,0.214,0.197
100,R2_soft_blend,2022-04-06,0.206,0.228,0.2,0.176,0.191
100,R2_soft_blend,2022-05-06,0.227,0.312,0.184,0.15,0.127
100,R2_soft_blend,2022-06-07,0.255,0.321,0.145,0.21,0.069
100,R2_soft_blend,2022-07-08,0.2,0.2,0.2,0.2,0.2
100,R2_soft_blend,2022-08-08,0.2,0.2,0.2,0.2,0.2
100,R2_soft_blend,2022-09-07,0.2,0.2,0.2,0.2,0.2
100,R2_soft_blend,2022-10-06,0.2,0.2,0.2,0.2,0.2
100,R2_soft_blend,2022-11-04,0.2,0.2,0.2,0.2,0.2
100,R2_soft_blend,2022-12-06,0.2,0.2,0.2,0.2,0.2
100,R2_soft_blend,2023-01-06,0.2,0.2,0.2,0.2,0.2
100,R2_soft_blend,2023-02-07,0.2,0.2,0.2,0.2,0.2
100,R2_soft_blend,2023-03-09,0.2,0.2,0.2,0.2,0.2
100,R2_soft_blend,2023-04-10,0.2,0.2,0.2,0.2,0.2
100,R2_soft_blend,2023-05-09,0.2,0.2,0.2,0.2,0.2
100,R2_soft_blend,2023-06-08,0.2,0.2,0.2,0.2,0.2
100,R2_soft_blend,2023-07-11,0.0,0.0,0.609,0.0,0.391
100,R2_soft_blend,2023-08-09,0.222,0.288,0.321,0.0,0.168
100,R2_soft_blend,2023-09-08,0.204,0.268,0.299,0.0,0.228
100,R2_soft_blend,2023-10-09,0.249,0.282,0.273,0.0,0.196
100,R2_soft_blend,2023-11-07,0.134,0.097,0.432,0.0,0.337
100,R2_soft_blend,2023-12-07,0.0,0.0,1.0,0.0,0.0
100,R2_soft_blend,2024-01-09,0.0,0.0,0.519,0.0,0.481
100,R2_soft_blend,2024-02-08,0.223,0.197,0.242,0.109,0.229
100,R2_soft_blend,2024-03-11,0.22,0.205,0.239,0.108,0.229
100,R2_soft_blend,2024-04-10,0.16,0.162,0.336,0.02,0.322
100,R2_soft_blend,2024-05-09,0.129,0.138,0.308,0.133,0.291
100,R2_soft_blend,2024-06-10,0.182,0.185,0.212,0.219,0.201
100,R2_soft_blend,2024-07-11,0.174,0.181,0.21,0.246,0.189
100,R2_soft_blend,2024-08-09,0.158,0.168,0.214,0.259,0.201
100,R2_soft_blend,2024-09-10,0.176,0.183,0.209,0.236,0.196
100,R2_soft_blend,2024-10-09,0.189,0.191,0.204,0.216,0.2
100,R2_soft_blend,2024-11-07,0.184,0.196,0.22,0.191,0.209
100,R2_soft_blend,2024-12-09,0.193,0.197,0.217,0.189,0.204
100,R2_soft_blend,2025-01-10,0.175,0.182,0.22,0.224,0.2
100,R2_soft_blend,2025-02-11,0.193,0.187,0.228,0.175,0.216
100,R2_soft_blend,2025-03-13,0.192,0.184,0.2,0.235,0.188
100,R2_soft_blend,2025-04-11,0.211,0.179,0.159,0.311,0.14
100,R2_soft_blend,2025-05-13,0.189,0.172,0.224,0.204,0.212
100,R2_soft_blend,2025-06-12,0.194,0.179,0.224,0.184,0.219
100,R2_soft_blend,2025-07-15,0.19,0.173,0.222,0.187,0.229
100,R2_soft_blend,2025-08-13,0.222,0.194,0.193,0.212,0.178
100,R2_soft_blend,2025-09-12,0.23,0.193,0.192,0.206,0.18
100,R2_soft_blend,2025-10-13,0.225,0.188,0.187,0.239,0.161
100,R2_soft_blend,2025-11-11,0.186,0.119,0.183,0.321,0.191
100,R2_soft_blend,2025-12-11,0.163,0.123,0.106,0.421,0.188
100,R2_soft_blend,2026-01-13,0.193,0.176,0.184,0.251,0.197
100,R2_soft_blend,2026-02-12,0.206,0.198,0.181,0.236,0.178
100,R2_soft_blend,2026-03-16,0.213,0.21,0.179,0.221,0.177
100,R2_soft_blend,2026-04-15,0.186,0.19,0.197,0.223,0.205
100,R2_soft_blend,2026-05-14,0.196,0.198,0.172,0.247,0.187
100,R2_soft_blend,2026-06-15,0.19,0.196,0.18,0.238,0.197
