N,method,ann_ret_net,ann_vol_net,sharpe_net,sortino_net,max_drawdown,avg_turnover
30,A1_gmv_tglobal,0.10106,0.14331,0.70521,0.99411,-0.30975,0.37403
30,A2_gmv_tasym,0.09012,0.14432,0.62443,0.88019,-0.30674,0.42342
30,A3_hrp_gerber,0.11373,0.15318,0.74251,1.04291,-0.31705,0.23452
30,A4_gmv_dd,0.09238,0.14329,0.64474,0.90579,-0.31477,0.39457
30,A5_hrp_gerber_dd,0.11295,0.15314,0.73753,1.03401,-0.32276,0.23318
30,gerber_c0.5,0.0904,0.14428,0.62656,0.87636,-0.32497,0.39853
30,ledoit_wolf,0.10005,0.14427,0.69347,0.97983,-0.2971,0.62176
30,ans,0.09768,0.14526,0.67243,0.9513,-0.29615,0.66551
30,hrp,0.11042,0.15313,0.72106,1.01075,-0.31616,0.2655
30,ENSEMBLE_rolling,0.09416,0.14544,0.64742,0.9111,-0.30975,0.37174
30,CEILING_insample(REF_ONLY),0.11373,0.14329,0.74251,1.04291,-0.30674,
50,A1_gmv_tglobal,0.07656,0.14143,0.54137,0.76083,-0.30187,0.52343
50,A2_gmv_tasym,0.07822,0.14175,0.5518,0.7721,-0.29737,0.53265
50,A3_hrp_gerber,0.09304,0.15128,0.61501,0.85942,-0.31932,0.27878
50,A4_gmv_dd,0.07587,0.14184,0.53489,0.75092,-0.3,0.54509
50,A5_hrp_gerber_dd,0.09085,0.15225,0.5967,0.833,-0.32326,0.28448
50,gerber_c0.5,0.06355,0.14269,0.44537,0.61439,-0.32654,0.55336
50,ledoit_wolf,0.05734,0.14318,0.40046,0.5527,-0.29457,0.89301
50,ans,0.05789,0.14401,0.40198,0.55575,-0.29254,0.94519
50,hrp,0.09526,0.15169,0.628,0.8778,-0.31643,0.34683
50,ENSEMBLE_rolling,0.07622,0.15055,0.5063,0.70633,-0.31932,0.38532
50,CEILING_insample(REF_ONLY),0.09304,0.14143,0.61501,0.85942,-0.29737,
100,A1_gmv_tglobal,0.05013,0.14692,0.34123,0.47231,-0.33711,0.81001
100,A2_gmv_tasym,0.05352,0.13813,0.38748,0.52497,-0.3281,0.76415
100,A3_hrp_gerber,0.09039,0.15114,0.59809,0.82816,-0.3305,0.27526
100,A4_gmv_dd,0.04895,0.14137,0.34625,0.4666,-0.33812,0.95955
100,A5_hrp_gerber_dd,0.08592,0.15255,0.56325,0.77745,-0.33839,0.29938
100,gerber_c0.5,0.05329,0.13842,0.38503,0.52121,-0.3264,0.88644
100,ledoit_wolf,0.04339,0.14767,0.29385,0.39312,-0.35429,1.462
100,ans,0.04264,0.14362,0.29692,0.39844,-0.32892,1.30182
100,hrp,0.09216,0.1517,0.6075,0.84086,-0.3304,0.34572
100,ENSEMBLE_rolling,0.07789,0.15068,0.51692,0.7121,-0.33839,0.43877
100,CEILING_insample(REF_ONLY),0.09039,0.13813,0.59809,0.82816,-0.3281,
