ridge,method,ann_vol_net,sharpe_net,max_gross_lev,worst_fold_vol
0.0001,learned,0.12754,0.562,4.89,0.7226
0.0001,fixed_0.5,0.13278,0.551,5.7,0.7463
0.0001,fixed_1.25,0.16485,0.328,12.85,0.8953
0.0001,ledoit_wolf,0.13192,0.4,9.85,0.6197
0.0001,ans,0.12543,0.595,6.09,0.6234
0.001,learned,0.1276,0.542,4.87,0.7233
0.001,fixed_0.5,0.13271,0.551,5.68,0.7467
0.001,fixed_1.25,0.1313,0.435,6.48,0.7745
0.001,ledoit_wolf,0.13177,0.402,9.78,0.6199
0.001,ans,0.1254,0.595,6.08,0.6235
0.01,learned,0.1286,0.529,4.76,0.7246
0.01,fixed_0.5,0.13214,0.55,5.54,0.7498
0.01,fixed_1.25,0.12941,0.454,4.97,0.7758
0.01,ledoit_wolf,0.13048,0.418,9.17,0.6214
0.01,ans,0.12508,0.597,5.95,0.6246
