N,method,window,total_ret,ann_vol,mdd
30,A1_gmv_tglobal,covid_crash,-0.30975,0.68266,-0.30704
30,A1_gmv_tglobal,year_2020,0.08392,0.28972,-0.30975
30,A1_gmv_tglobal,year_2022,-0.10372,0.17015,-0.20706
30,A1_gmv_tglobal,calm_2023_26,0.41973,0.10818,-0.124
30,A2_gmv_tasym,covid_crash,-0.30674,0.69549,-0.30464
30,A2_gmv_tasym,year_2020,0.0767,0.29415,-0.30674
30,A2_gmv_tasym,year_2022,-0.06232,0.16372,-0.21807
30,A2_gmv_tasym,calm_2023_26,0.25002,0.11207,-0.14542
30,A3_hrp_gerber,covid_crash,-0.31632,0.72935,-0.31509
30,A3_hrp_gerber,year_2020,0.06413,0.31413,-0.31705
30,A3_hrp_gerber,year_2022,-0.14918,0.18835,-0.23602
30,A3_hrp_gerber,calm_2023_26,0.58472,0.11323,-0.13076
30,BLEND_50_50,covid_crash,-0.313,0.70519,-0.31083
30,BLEND_50_50,year_2020,0.07489,0.29951,-0.313
30,BLEND_50_50,year_2022,-0.12632,0.17826,-0.22099
30,BLEND_50_50,calm_2023_26,0.50203,0.10927,-0.12253
30,gerber_c0.5,covid_crash,-0.32497,0.705,-0.32277
30,gerber_c0.5,year_2020,0.05376,0.29862,-0.32497
30,gerber_c0.5,year_2022,-0.09168,0.16663,-0.20019
30,gerber_c0.5,calm_2023_26,0.36083,0.10813,-0.12394
30,ledoit_wolf,covid_crash,-0.2971,0.67228,-0.29544
30,ledoit_wolf,year_2020,0.12466,0.2869,-0.2971
30,ledoit_wolf,year_2022,-0.09404,0.16556,-0.2077
30,ledoit_wolf,calm_2023_26,0.40591,0.1113,-0.16241
30,ans,covid_crash,-0.29615,0.66477,-0.29445
30,ans,year_2020,0.11997,0.28898,-0.29615
30,ans,year_2022,-0.09638,0.16489,-0.20798
30,ans,calm_2023_26,0.40806,0.11243,-0.16422
30,hrp,covid_crash,-0.31542,0.73109,-0.31374
30,hrp,year_2020,0.05556,0.3135,-0.31616
30,hrp,year_2022,-0.16701,0.19214,-0.2493
30,hrp,calm_2023_26,0.60963,0.11194,-0.12901
50,A1_gmv_tglobal,covid_crash,-0.30187,0.70649,-0.30023
50,A1_gmv_tglobal,year_2020,0.07091,0.29446,-0.30187
50,A1_gmv_tglobal,year_2022,-0.10988,0.16498,-0.21211
50,A1_gmv_tglobal,calm_2023_26,0.26262,0.10332,-0.11698
50,A2_gmv_tasym,covid_crash,-0.29737,0.70325,-0.29607
50,A2_gmv_tasym,year_2020,0.08217,0.29057,-0.29737
50,A2_gmv_tasym,year_2022,-0.08912,0.16423,-0.20053
50,A2_gmv_tasym,calm_2023_26,0.25018,0.10731,-0.15507
50,A3_hrp_gerber,covid_crash,-0.31837,0.74395,-0.31785
50,A3_hrp_gerber,year_2020,0.06706,0.31942,-0.31932
50,A3_hrp_gerber,year_2022,-0.14184,0.18097,-0.23358
50,A3_hrp_gerber,calm_2023_26,0.35506,0.10845,-0.12902
50,BLEND_50_50,covid_crash,-0.31012,0.72316,-0.30893
50,BLEND_50_50,year_2020,0.07025,0.30315,-0.31033
50,BLEND_50_50,year_2022,-0.12534,0.1719,-0.22241
50,BLEND_50_50,calm_2023_26,0.31123,0.10457,-0.11932
50,gerber_c0.5,covid_crash,-0.32654,0.72577,-0.32623
50,gerber_c0.5,year_2020,0.00435,0.30025,-0.32654
50,gerber_c0.5,year_2022,-0.12802,0.16373,-0.21794
50,gerber_c0.5,calm_2023_26,0.2386,0.10401,-0.14763
50,ledoit_wolf,covid_crash,-0.29457,0.70004,-0.29346
50,ledoit_wolf,year_2020,-0.01509,0.29116,-0.29457
50,ledoit_wolf,year_2022,-0.11307,0.16376,-0.23624
50,ledoit_wolf,calm_2023_26,0.2279,0.10788,-0.14238
50,ans,covid_crash,-0.29254,0.69847,-0.29166
50,ans,year_2020,-0.02108,0.29343,-0.29254
50,ans,year_2022,-0.10764,0.16381,-0.23388
50,ans,calm_2023_26,0.24654,0.10857,-0.13689
50,hrp,covid_crash,-0.31556,0.75145,-0.31501
50,hrp,year_2020,0.05337,0.321,-0.31643
50,hrp,year_2022,-0.15476,0.18115,-0.23717
50,hrp,calm_2023_26,0.42453,0.10875,-0.12848
100,A1_gmv_tglobal,covid_crash,-0.33711,0.69611,-0.33668
100,A1_gmv_tglobal,year_2020,-0.07042,0.32775,-0.33711
100,A1_gmv_tglobal,year_2022,-0.1046,0.15514,-0.22317
100,A1_gmv_tglobal,calm_2023_26,0.24593,0.10261,-0.1068
100,A2_gmv_tasym,covid_crash,-0.3278,0.69626,-0.3281
100,A2_gmv_tasym,year_2020,-0.01897,0.28817,-0.3281
100,A2_gmv_tasym,year_2022,-0.08873,0.15588,-0.2211
100,A2_gmv_tasym,calm_2023_26,0.24044,0.10308,-0.10998
100,A3_hrp_gerber,covid_crash,-0.32935,0.74362,-0.32914
100,A3_hrp_gerber,year_2020,0.08433,0.31922,-0.3305
100,A3_hrp_gerber,year_2022,-0.10641,0.17917,-0.20723
100,A3_hrp_gerber,calm_2023_26,0.34372,0.11017,-0.1316
100,BLEND_50_50,covid_crash,-0.33319,0.71663,-0.33229
100,BLEND_50_50,year_2020,0.0052,0.30884,-0.33369
100,BLEND_50_50,year_2022,-0.10464,0.16514,-0.20809
100,BLEND_50_50,calm_2023_26,0.29828,0.10416,-0.11827
100,gerber_c0.5,covid_crash,-0.32617,0.71227,-0.326
100,gerber_c0.5,year_2020,-0.04238,0.2903,-0.3264
100,gerber_c0.5,year_2022,-0.10414,0.15555,-0.21829
100,gerber_c0.5,calm_2023_26,0.25268,0.10391,-0.12843
100,ledoit_wolf,covid_crash,-0.31678,0.78965,-0.34746
100,ledoit_wolf,year_2020,-0.10896,0.30892,-0.35429
100,ledoit_wolf,year_2022,-0.06085,0.15828,-0.2192
100,ledoit_wolf,calm_2023_26,0.30692,0.11054,-0.10954
100,ans,covid_crash,-0.30726,0.73747,-0.32649
100,ans,year_2020,-0.11158,0.2972,-0.32883
100,ans,year_2022,-0.06523,0.15608,-0.22515
100,ans,calm_2023_26,0.31594,0.10847,-0.10765
100,hrp,covid_crash,-0.32921,0.74649,-0.32894
100,hrp,year_2020,0.07695,0.32031,-0.3304
100,hrp,year_2022,-0.11275,0.18106,-0.21242
100,hrp,calm_2023_26,0.35042,0.10977,-0.12951
