N,method,cost_bps,ann_ret_net,ann_vol_net,sharpe_net,sortino_net,max_drawdown,avg_turnover
30,A1_gmv_tglobal,0.0,0.10556,0.14326,0.73683,1.03981,-0.30917,0.37403
30,A1_gmv_tglobal,10.0,0.10099,0.14331,0.70471,0.9934,-0.30975,0.37403
30,A1_gmv_tglobal,25.0,0.09414,0.14341,0.65644,0.92381,-0.31061,0.37403
30,A1_gmv_tglobal,50.0,0.08274,0.14366,0.57592,0.80801,-0.31206,0.37403
30,A2_gmv_tasym,0.0,0.0952,0.14427,0.65988,0.93137,-0.30611,0.42342
30,A2_gmv_tasym,10.0,0.09004,0.14432,0.62392,0.87947,-0.30674,0.42342
30,A2_gmv_tasym,25.0,0.08232,0.14443,0.56992,0.80174,-0.30768,0.42342
30,A2_gmv_tasym,50.0,0.06945,0.14472,0.47988,0.67267,-0.30925,0.42342
30,A3_hrp_gerber,0.0,0.11653,0.15315,0.7609,1.06945,-0.31664,0.23452
30,A3_hrp_gerber,10.0,0.11364,0.15317,0.74191,1.04205,-0.31705,0.23452
30,A3_hrp_gerber,25.0,0.1093,0.15322,0.7134,1.001,-0.31766,0.23452
30,A3_hrp_gerber,50.0,0.10208,0.15331,0.66582,0.9327,-0.31869,0.23452
30,BLEND_50_50,0.0,0.11082,0.14676,0.75512,1.06175,-0.31255,0.26441
30,BLEND_50_50,10.0,0.10757,0.14679,0.73284,1.02962,-0.313,0.26441
30,BLEND_50_50,25.0,0.1027,0.14685,0.69937,0.98149,-0.31368,0.26441
30,BLEND_50_50,50.0,0.09459,0.14698,0.64352,0.90134,-0.31481,0.26441
30,gerber_c0.5,0.0,0.09516,0.14423,0.65979,0.92396,-0.32443,0.39853
30,gerber_c0.5,10.0,0.09029,0.14428,0.62581,0.87531,-0.32497,0.39853
30,gerber_c0.5,25.0,0.08298,0.14438,0.57477,0.80246,-0.32579,0.39853
30,gerber_c0.5,50.0,0.07082,0.14463,0.48968,0.68149,-0.32715,0.39853
30,ledoit_wolf,0.0,0.10747,0.14417,0.74546,1.05556,-0.29601,0.62176
30,ledoit_wolf,10.0,0.09989,0.14427,0.69238,0.9783,-0.2971,0.62176
30,ledoit_wolf,25.0,0.08853,0.1445,0.61264,0.86271,-0.29871,0.62176
30,ledoit_wolf,50.0,0.06962,0.1451,0.47982,0.67148,-0.3014,0.62176
30,ans,0.0,0.10562,0.14516,0.72765,1.03178,-0.295,0.66551
30,ans,10.0,0.09752,0.14526,0.67134,0.94976,-0.29615,0.66551
30,ans,25.0,0.08538,0.14551,0.58675,0.82705,-0.29786,0.66551
30,ans,50.0,0.06518,0.14619,0.4459,0.62424,-0.30071,0.66551
30,hrp,0.0,0.11359,0.15311,0.74185,1.04069,-0.31574,0.2655
30,hrp,10.0,0.11032,0.15313,0.72045,1.00989,-0.31616,0.2655
30,hrp,25.0,0.10544,0.15318,0.6883,0.96375,-0.31679,0.2655
30,hrp,50.0,0.09729,0.15329,0.63468,0.88702,-0.31783,0.2655
50,A1_gmv_tglobal,0.0,0.08289,0.14136,0.58638,0.82547,-0.30125,0.52343
50,A1_gmv_tglobal,10.0,0.07653,0.14143,0.5411,0.76045,-0.30187,0.52343
50,A1_gmv_tglobal,25.0,0.06699,0.14159,0.47312,0.66316,-0.30278,0.52343
50,A1_gmv_tglobal,50.0,0.05112,0.14202,0.35991,0.50202,-0.30431,0.52343
50,A2_gmv_tasym,0.0,0.08465,0.14167,0.59755,0.83762,-0.29686,0.53265
50,A2_gmv_tasym,10.0,0.07818,0.14175,0.55153,0.77172,-0.29737,0.53265
50,A2_gmv_tasym,25.0,0.06848,0.14194,0.48247,0.67319,-0.29814,0.53265
50,A2_gmv_tasym,50.0,0.05234,0.14239,0.36754,0.5102,-0.29941,0.53265
50,A3_hrp_gerber,0.0,0.09638,0.15126,0.63721,0.8912,-0.31911,0.27878
50,A3_hrp_gerber,10.0,0.09297,0.15128,0.61453,0.85874,-0.31932,0.27878
50,A3_hrp_gerber,25.0,0.08784,0.15132,0.58048,0.81014,-0.31964,0.27878
50,A3_hrp_gerber,50.0,0.0793,0.15142,0.52369,0.72935,-0.32017,0.27878
50,BLEND_50_50,0.0,0.08936,0.14448,0.61848,0.86601,-0.30997,0.33696
50,BLEND_50_50,10.0,0.08524,0.14451,0.58984,0.82501,-0.31033,0.33696
50,BLEND_50_50,25.0,0.07906,0.14459,0.54682,0.76362,-0.31088,0.33696
50,BLEND_50_50,50.0,0.06878,0.14477,0.47509,0.66161,-0.31178,0.33696
50,gerber_c0.5,0.0,0.07018,0.14261,0.4921,0.68006,-0.3261,0.55336
50,gerber_c0.5,10.0,0.06344,0.14269,0.4446,0.61333,-0.32654,0.55336
50,gerber_c0.5,25.0,0.05333,0.14284,0.37334,0.51366,-0.32721,0.55336
50,gerber_c0.5,50.0,0.03651,0.14325,0.25483,0.34896,-0.32831,0.55336
50,ledoit_wolf,0.0,0.06805,0.14305,0.47571,0.65866,-0.29342,0.89301
50,ledoit_wolf,10.0,0.05719,0.14318,0.39944,0.55129,-0.29457,0.89301
50,ledoit_wolf,25.0,0.04093,0.14354,0.28516,0.39163,-0.29629,0.89301
50,ledoit_wolf,50.0,0.01389,0.14454,0.09611,0.13077,-0.36562,0.89301
50,ans,0.0,0.06921,0.14388,0.48103,0.66737,-0.29135,0.94519
50,ans,10.0,0.05774,0.14401,0.40098,0.55436,-0.29254,0.94519
50,ans,25.0,0.04057,0.14438,0.28101,0.3864,-0.29433,0.94519
50,ans,50.0,0.01202,0.14545,0.08263,0.11247,-0.37845,0.94519
50,hrp,0.0,0.09941,0.15166,0.6555,0.91722,-0.3162,0.34683
50,hrp,10.0,0.09519,0.15169,0.62752,0.87713,-0.31643,0.34683
50,hrp,25.0,0.08885,0.15174,0.58551,0.81712,-0.31678,0.34683
50,hrp,50.0,0.07829,0.15189,0.51544,0.71748,-0.31736,0.34683
100,A1_gmv_tglobal,0.0,0.05988,0.14666,0.40831,0.56689,-0.33617,0.81001
100,A1_gmv_tglobal,10.0,0.05006,0.14692,0.34076,0.47166,-0.33711,0.81001
100,A1_gmv_tglobal,25.0,0.03536,0.14746,0.2398,0.33028,-0.33853,0.81001
100,A1_gmv_tglobal,50.0,0.01092,0.14875,0.0734,0.10012,-0.34089,0.81001
100,A2_gmv_tasym,0.0,0.06273,0.138,0.45461,0.61738,-0.32727,0.76415
100,A2_gmv_tasym,10.0,0.05343,0.13813,0.3868,0.52404,-0.3281,0.76415
100,A2_gmv_tasym,25.0,0.03949,0.13844,0.28523,0.385,-0.32936,0.76415
100,A2_gmv_tasym,50.0,0.01629,0.13925,0.117,0.15683,-0.33145,0.76415
100,A3_hrp_gerber,0.0,0.09369,0.15111,0.62005,0.85926,-0.33026,0.27526
100,A3_hrp_gerber,10.0,0.09032,0.15114,0.5976,0.82747,-0.3305,0.27526
100,A3_hrp_gerber,25.0,0.08526,0.15119,0.56391,0.77988,-0.33086,0.27526
100,A3_hrp_gerber,50.0,0.07682,0.1513,0.50774,0.70079,-0.33146,0.27526
100,BLEND_50_50,0.0,0.07606,0.14389,0.52861,0.72891,-0.33315,0.45772
100,BLEND_50_50,10.0,0.07049,0.14398,0.48958,0.67406,-0.33369,0.45772
100,BLEND_50_50,25.0,0.06214,0.14417,0.43104,0.59207,-0.3345,0.45772
100,BLEND_50_50,50.0,0.04825,0.1446,0.33366,0.45639,-0.33584,0.45772
100,gerber_c0.5,0.0,0.06391,0.13827,0.46222,0.62746,-0.32553,0.88644
100,gerber_c0.5,10.0,0.05315,0.13842,0.384,0.51981,-0.3264,0.88644
100,gerber_c0.5,25.0,0.03703,0.13877,0.26687,0.35969,-0.32769,0.88644
100,gerber_c0.5,50.0,0.01022,0.13972,0.07318,0.09785,-0.33453,0.88644
100,ledoit_wolf,0.0,0.06095,0.14738,0.41354,0.55561,-0.35221,1.462
100,ledoit_wolf,10.0,0.04321,0.14768,0.29262,0.39146,-0.35429,1.462
100,ledoit_wolf,25.0,0.01667,0.14849,0.11225,0.14912,-0.36179,1.462
100,ledoit_wolf,50.0,-0.02742,0.1508,-0.18184,-0.23826,-0.46921,1.462
100,ans,0.0,0.05826,0.14335,0.40637,0.54752,-0.327,1.30182
100,ans,10.0,0.04248,0.14362,0.29578,0.39689,-0.32892,1.30182
100,ans,25.0,0.01886,0.14432,0.13069,0.17422,-0.33844,1.30182
100,ans,50.0,-0.02038,0.14627,-0.13933,-0.18337,-0.44965,1.30182
100,hrp,0.0,0.0963,0.15167,0.63493,0.87972,-0.33012,0.34572
100,hrp,10.0,0.09209,0.1517,0.60701,0.84017,-0.3304,0.34572
100,hrp,25.0,0.08577,0.15177,0.56511,0.78098,-0.33082,0.34572
100,hrp,50.0,0.07525,0.15194,0.49525,0.6827,-0.33152,0.34572
