N,method,gamma,cer
30,A1_gmv_tglobal,2.0,0.08045
30,A1_gmv_tglobal,5.0,0.04965
30,A1_gmv_tglobal,10.0,-0.0017
30,A2_gmv_tasym,2.0,0.06922
30,A2_gmv_tasym,5.0,0.03797
30,A2_gmv_tasym,10.0,-0.0141
30,A3_hrp_gerber,2.0,0.09018
30,A3_hrp_gerber,5.0,0.05499
30,A3_hrp_gerber,10.0,-0.00367
30,BLEND_50_50,2.0,0.08602
30,BLEND_50_50,5.0,0.0537
30,BLEND_50_50,10.0,-0.00016
30,gerber_c0.5,2.0,0.06947
30,gerber_c0.5,5.0,0.03825
30,gerber_c0.5,10.0,-0.01379
30,ledoit_wolf,2.0,0.07908
30,ledoit_wolf,5.0,0.04786
30,ledoit_wolf,10.0,-0.00418
30,ans,2.0,0.07642
30,ans,5.0,0.04477
30,ans,10.0,-0.00798
30,hrp,2.0,0.08687
30,hrp,5.0,0.0517
30,hrp,10.0,-0.00693
50,A1_gmv_tglobal,2.0,0.05653
50,A1_gmv_tglobal,5.0,0.02652
50,A1_gmv_tglobal,10.0,-0.02348
50,A2_gmv_tasym,2.0,0.05809
50,A2_gmv_tasym,5.0,0.02795
50,A2_gmv_tasym,10.0,-0.02229
50,A3_hrp_gerber,2.0,0.07008
50,A3_hrp_gerber,5.0,0.03575
50,A3_hrp_gerber,10.0,-0.02146
50,BLEND_50_50,2.0,0.06436
50,BLEND_50_50,5.0,0.03303
50,BLEND_50_50,10.0,-0.01918
50,gerber_c0.5,2.0,0.04308
50,gerber_c0.5,5.0,0.01254
50,gerber_c0.5,10.0,-0.03836
50,ledoit_wolf,2.0,0.03669
50,ledoit_wolf,5.0,0.00594
50,ledoit_wolf,10.0,-0.04531
50,ans,2.0,0.03701
50,ans,5.0,0.0059
50,ans,10.0,-0.04595
50,hrp,2.0,0.07218
50,hrp,5.0,0.03766
50,hrp,10.0,-0.01986
100,A1_gmv_tglobal,2.0,0.02848
100,A1_gmv_tglobal,5.0,-0.0039
100,A1_gmv_tglobal,10.0,-0.05786
100,A2_gmv_tasym,2.0,0.03435
100,A2_gmv_tasym,5.0,0.00573
100,A2_gmv_tasym,10.0,-0.04197
100,A3_hrp_gerber,2.0,0.06748
100,A3_hrp_gerber,5.0,0.03321
100,A3_hrp_gerber,10.0,-0.02389
100,BLEND_50_50,2.0,0.04976
100,BLEND_50_50,5.0,0.01866
100,BLEND_50_50,10.0,-0.03316
100,gerber_c0.5,2.0,0.03399
100,gerber_c0.5,5.0,0.00525
100,gerber_c0.5,10.0,-0.04264
100,ledoit_wolf,2.0,0.0214
100,ledoit_wolf,5.0,-0.01131
100,ledoit_wolf,10.0,-0.06583
100,ans,2.0,0.02185
100,ans,5.0,-0.00909
100,ans,10.0,-0.06065
100,hrp,2.0,0.06907
100,hrp,5.0,0.03455
100,hrp,10.0,-0.02298
