universe,method,cost_bps,ann_ret_net,ann_vol_net,sharpe_net,sortino_net,max_drawdown,avg_turnover
top100,DG-GMV,0.0,0.08352,0.13748,0.60754,0.85595,-0.28665,0.76088
top100,DG-GMV,10.0,0.07427,0.13758,0.53985,0.75855,-0.28751,0.76088
top100,DG-GMV,25.0,0.06041,0.13784,0.43827,0.61328,-0.28879,0.76088
top100,DG-GMV,50.0,0.03735,0.13857,0.26957,0.37434,-0.29093,0.76088
top100,DG-Asym,0.0,0.07664,0.13932,0.55009,0.77512,-0.30018,0.79285
top100,DG-Asym,10.0,0.06701,0.13945,0.48051,0.6752,-0.3011,0.79285
top100,DG-Asym,25.0,0.05258,0.13977,0.37619,0.52631,-0.30247,0.79285
top100,DG-Asym,50.0,0.02858,0.14062,0.20324,0.28198,-0.30475,0.79285
top100,DG-HRP,0.0,0.10229,0.15406,0.66397,0.92785,-0.31464,0.25095
top100,DG-HRP,10.0,0.0992,0.15407,0.64386,0.89908,-0.31481,0.25095
top100,DG-HRP,25.0,0.09457,0.15411,0.61367,0.85598,-0.31506,0.25095
top100,DG-HRP,50.0,0.08685,0.15418,0.56332,0.78434,-0.31549,0.25095
top100,DG-Shrink,0.0,0.08021,0.13682,0.58622,0.82636,-0.26976,0.8232
top100,DG-Shrink,10.0,0.0702,0.13701,0.51232,0.7198,-0.27123,0.8232
top100,DG-Shrink,25.0,0.0552,0.13744,0.40159,0.56124,-0.27344,0.8232
top100,DG-Shrink,50.0,0.03025,0.13854,0.21836,0.3021,-0.2771,0.8232
top100,gerber_c0.5,0.0,0.07197,0.14028,0.51306,0.71507,-0.29438,0.87224
top100,gerber_c0.5,10.0,0.06138,0.14041,0.43714,0.60736,-0.29518,0.87224
top100,gerber_c0.5,25.0,0.0455,0.14072,0.32336,0.44714,-0.29643,0.87224
top100,gerber_c0.5,50.0,0.0191,0.14159,0.13489,0.18493,-0.3088,0.87224
top100,ledoit_wolf,0.0,0.08089,0.14593,0.55429,0.77586,-0.29236,1.53686
top100,ledoit_wolf,10.0,0.06227,0.14622,0.42585,0.59276,-0.29861,1.53686
top100,ledoit_wolf,25.0,0.0344,0.14706,0.23392,0.32268,-0.34567,1.53686
top100,ledoit_wolf,50.0,-0.01188,0.14951,-0.07945,-0.10765,-0.44537,1.53686
top100,ans,0.0,0.08748,0.14244,0.61417,0.86457,-0.27958,1.23707
top100,ans,10.0,0.07246,0.14266,0.50793,0.71165,-0.28221,1.23707
top100,ans,25.0,0.04997,0.14326,0.3488,0.48503,-0.28613,1.23707
top100,ans,50.0,0.0126,0.145,0.08687,0.11905,-0.33036,1.23707
top100,hrp,0.0,0.09947,0.15536,0.64024,0.89428,-0.31638,0.31614
top100,hrp,10.0,0.0956,0.15538,0.61529,0.85865,-0.31663,0.31614
top100,hrp,25.0,0.08981,0.15542,0.57784,0.8053,-0.31701,0.31614
top100,hrp,50.0,0.08016,0.15554,0.51537,0.71667,-0.31763,0.31614
top100,equal_weight,0.0,0.11771,0.17782,0.66195,0.92646,-0.33304,0.05522
top100,equal_weight,10.0,0.11695,0.17782,0.65767,0.92032,-0.33309,0.05522
top100,equal_weight,25.0,0.1158,0.17782,0.65124,0.91111,-0.33317,0.05522
top100,equal_weight,50.0,0.1139,0.17782,0.64051,0.89578,-0.33331,0.05522
top400,DG-GMV,0.0,0.09197,0.12725,0.72278,0.99336,-0.31386,1.89104
top400,DG-GMV,10.0,0.06912,0.1276,0.54172,0.73904,-0.32224,1.89104
top400,DG-GMV,25.0,0.03494,0.12877,0.27131,0.36581,-0.33462,1.89104
top400,DG-GMV,50.0,-0.02181,0.13236,-0.16476,-0.21696,-0.42825,1.89104
top400,DG-Asym,0.0,0.09043,0.13108,0.68989,0.94652,-0.32877,1.9313
top400,DG-Asym,10.0,0.06708,0.13137,0.51061,0.69551,-0.33693,1.9313
top400,DG-Asym,25.0,0.03213,0.13245,0.24261,0.32683,-0.349,1.9313
top400,DG-Asym,50.0,-0.02586,0.13594,-0.19024,-0.25056,-0.42808,1.9313
top400,DG-HRP,0.0,0.08649,0.15832,0.54629,0.75105,-0.36841,0.28154
top400,DG-HRP,10.0,0.08304,0.15834,0.52443,0.7204,-0.36861,0.28154
top400,DG-HRP,25.0,0.07786,0.15839,0.49161,0.67451,-0.3689,0.28154
top400,DG-HRP,50.0,0.06924,0.15849,0.4369,0.59827,-0.36938,0.28154
top400,DG-Shrink,0.0,0.08334,0.12294,0.67791,0.92789,-0.29872,1.90788
top400,DG-Shrink,10.0,0.06019,0.12331,0.4881,0.6629,-0.30112,1.90788
top400,DG-Shrink,25.0,0.02554,0.12459,0.20502,0.27495,-0.30893,1.90788
top400,DG-Shrink,50.0,-0.03194,0.1286,-0.24835,-0.3243,-0.45859,1.90788
top400,gerber_c0.5,0.0,0.09909,0.13226,0.74921,1.03603,-0.32624,2.15076
top400,gerber_c0.5,10.0,0.07306,0.13271,0.55056,0.75551,-0.33441,2.15076
top400,gerber_c0.5,25.0,0.03413,0.13417,0.2544,0.34471,-0.34649,2.15076
top400,gerber_c0.5,50.0,-0.03046,0.13859,-0.21975,-0.28971,-0.44828,2.15076
top400,ledoit_wolf,0.0,0.09006,0.13114,0.68672,0.95143,-0.34984,3.07866
top400,ledoit_wolf,10.0,0.05292,0.13177,0.40159,0.54955,-0.36404,3.07866
top400,ledoit_wolf,25.0,-0.00255,0.13442,-0.01899,-0.02543,-0.4605,3.07866
top400,ledoit_wolf,50.0,-0.09436,0.14296,-0.66006,-0.84351,-0.68307,3.07866
top400,ans,0.0,0.09668,0.12513,0.77262,1.06741,-0.29998,1.82235
top400,ans,10.0,0.07458,0.1254,0.59479,0.81531,-0.30816,1.82235
top400,ans,25.0,0.04153,0.12642,0.32851,0.44486,-0.32024,1.82235
top400,ans,50.0,-0.01334,0.12972,-0.10283,-0.13597,-0.42318,1.82235
top400,hrp,0.0,0.08869,0.15927,0.55682,0.76651,-0.36299,0.33085
top400,hrp,10.0,0.08465,0.1593,0.53139,0.7308,-0.36325,0.33085
top400,hrp,25.0,0.0786,0.15935,0.49322,0.67735,-0.36364,0.33085
top400,hrp,50.0,0.06851,0.15948,0.4296,0.58861,-0.36429,0.33085
top400,equal_weight,0.0,0.09953,0.18286,0.54429,0.75446,-0.3932,0.03013
top400,equal_weight,10.0,0.09906,0.18285,0.54176,0.75087,-0.39323,0.03013
top400,equal_weight,25.0,0.09837,0.18285,0.53796,0.7455,-0.39328,0.03013
top400,equal_weight,50.0,0.09721,0.18285,0.53163,0.73654,-0.39335,0.03013
