method,date,loss
gerber_gs2022_c0.5,2017-01-04,2.272010099633416e-05
gerber_gs2022_c0.5,2017-02-03,2.5335583889767984e-05
gerber_gs2022_c0.5,2017-03-07,6.5174343133210965e-06
gerber_gs2022_c0.5,2017-04-05,1.0186866477195038e-05
gerber_gs2022_c0.5,2017-05-05,1.009909693799531e-05
gerber_gs2022_c0.5,2017-06-06,2.0787326175709915e-05
gerber_gs2022_c0.5,2017-07-06,1.8659368788997596e-05
gerber_gs2022_c0.5,2017-08-04,1.28449162743086e-05
gerber_gs2022_c0.5,2017-09-05,4.934565332397768e-06
gerber_gs2022_c0.5,2017-10-04,6.607131331410647e-06
gerber_gs2022_c0.5,2017-11-02,2.2759023747997116e-05
gerber_gs2022_c0.5,2017-12-04,8.116969936322458e-06
gerber_gs2022_c0.5,2018-01-04,2.9643455929352822e-05
gerber_gs2022_c0.5,2018-02-05,0.0001462106151270757
gerber_gs2022_c0.5,2018-03-07,4.4647762025122115e-05
gerber_gs2022_c0.5,2018-04-06,2.2154571896072967e-05
gerber_gs2022_c0.5,2018-05-07,2.1614904443642423e-05
gerber_gs2022_c0.5,2018-06-06,1.6185248537214187e-05
gerber_gs2022_c0.5,2018-07-06,2.1122207974486244e-05
gerber_gs2022_c0.5,2018-08-06,1.4548638806499806e-05
gerber_gs2022_c0.5,2018-09-05,1.1540912385161273e-05
gerber_gs2022_c0.5,2018-10-04,7.14437821062882e-05
gerber_gs2022_c0.5,2018-11-02,4.8626916869330145e-05
gerber_gs2022_c0.5,2018-12-04,0.0001316565567345382
gerber_gs2022_c0.5,2019-01-07,3.058131066343579e-05
gerber_gs2022_c0.5,2019-02-06,2.0701376133365513e-05
gerber_gs2022_c0.5,2019-03-08,3.201413649508621e-05
gerber_gs2022_c0.5,2019-04-08,2.2032833157644453e-05
gerber_gs2022_c0.5,2019-05-08,3.600489806877988e-05
gerber_gs2022_c0.5,2019-06-07,3.237306263339668e-05
gerber_gs2022_c0.5,2019-07-09,3.5590103901171524e-05
gerber_gs2022_c0.5,2019-08-07,7.385892902239124e-05
gerber_gs2022_c0.5,2019-09-06,3.039865663153483e-05
gerber_gs2022_c0.5,2019-10-07,1.3213625953360128e-05
gerber_gs2022_c0.5,2019-11-05,1.5984401759794637e-05
gerber_gs2022_c0.5,2019-12-05,8.631715956341008e-06
gerber_gs2022_c0.5,2020-01-07,2.9256216066451256e-05
gerber_gs2022_c0.5,2020-02-06,0.0003542170326006981
gerber_gs2022_c0.5,2020-03-09,0.0022123044487466735
gerber_gs2022_c0.5,2020-04-07,9.637920388247837e-05
gerber_gs2022_c0.5,2020-05-07,8.343476173151658e-05
gerber_gs2022_c0.5,2020-06-08,8.011100542480852e-05
gerber_gs2022_c0.5,2020-07-08,6.6748755072641e-05
gerber_gs2022_c0.5,2020-08-06,4.5856759380144266e-05
gerber_gs2022_c0.5,2020-09-04,6.422826149230669e-05
gerber_gs2022_c0.5,2020-10-06,7.199753434184182e-05
gerber_gs2022_c0.5,2020-11-04,5.399931568522223e-05
gerber_gs2022_c0.5,2020-12-04,3.0279664428171095e-05
gerber_gs2022_c0.5,2021-01-06,5.624389356313068e-05
gerber_gs2022_c0.5,2021-02-05,7.37788603427079e-05
gerber_gs2022_c0.5,2021-03-09,4.973936060746288e-05
gerber_gs2022_c0.5,2021-04-08,4.142757370949815e-05
gerber_gs2022_c0.5,2021-05-07,2.9974533680437656e-05
gerber_gs2022_c0.5,2021-06-08,2.929874100206928e-05
gerber_gs2022_c0.5,2021-07-08,1.7332315736758014e-05
gerber_gs2022_c0.5,2021-08-06,2.1532541694119197e-05
gerber_gs2022_c0.5,2021-09-07,3.5215293973374446e-05
gerber_gs2022_c0.5,2021-10-06,1.5913529297407205e-05
gerber_gs2022_c0.5,2021-11-04,4.31305485954602e-05
gerber_gs2022_c0.5,2021-12-06,2.186875084805282e-05
gerber_gs2022_c0.5,2022-01-05,3.694766223692835e-05
gerber_gs2022_c0.5,2022-02-04,8.235225876573375e-05
gerber_gs2022_c0.5,2022-03-08,7.642733387281551e-05
gerber_gs2022_c0.5,2022-04-06,0.00012217362018604675
gerber_gs2022_c0.5,2022-05-06,6.679493216433076e-05
gerber_gs2022_c0.5,2022-06-07,0.00012082652727439287
gerber_gs2022_c0.5,2022-07-08,3.764835268329623e-05
gerber_gs2022_c0.5,2022-08-08,5.585273592963013e-05
gerber_gs2022_c0.5,2022-09-07,0.00014363996304225728
gerber_gs2022_c0.5,2022-10-06,0.00013089810450542033
gerber_gs2022_c0.5,2022-11-04,5.243368546680779e-05
gerber_gs2022_c0.5,2022-12-06,3.750008104272606e-05
gerber_gs2022_c0.5,2023-01-06,7.150157035430479e-05
gerber_gs2022_c0.5,2023-02-07,3.916761765733823e-05
gerber_gs2022_c0.5,2023-03-09,5.9715453127489855e-05
gerber_gs2022_c0.5,2023-04-10,7.145767649992527e-05
gerber_gs2022_c0.5,2023-05-09,1.8754063794935165e-05
gerber_gs2022_c0.5,2023-06-08,2.6985707260061338e-05
gerber_gs2022_c0.5,2023-07-11,3.141282800264729e-05
gerber_gs2022_c0.5,2023-08-09,1.5765137793432472e-05
gerber_gs2022_c0.5,2023-09-08,1.8969917044220845e-05
gerber_gs2022_c0.5,2023-10-09,4.002815228612152e-05
gerber_gs2022_c0.5,2023-11-07,1.8377634397050145e-05
gerber_gs2022_c0.5,2023-12-07,3.888102038630191e-05
gerber_gs2022_c0.5,2024-01-09,4.037523414230365e-05
gerber_gs2022_c0.5,2024-02-08,1.8533284829304023e-05
gerber_gs2022_c0.5,2024-03-11,1.8251644989910153e-05
gerber_gs2022_c0.5,2024-04-10,2.522178290826937e-05
gerber_gs2022_c0.5,2024-05-09,3.184370870266057e-05
gerber_gs2022_c0.5,2024-06-10,2.7564448397518486e-05
gerber_gs2022_c0.5,2024-07-11,5.440070642647698e-05
gerber_gs2022_c0.5,2024-08-09,1.5407419191320487e-05
gerber_gs2022_c0.5,2024-09-10,2.059257497907413e-05
gerber_gs2022_c0.5,2024-10-09,1.2325043927558715e-05
gerber_gs2022_c0.5,2024-11-07,2.3181748521972463e-05
gerber_gs2022_c0.5,2024-12-09,2.3110823294972504e-05
gerber_gs2022_c0.5,2025-01-10,3.6380849466545906e-05
gerber_gs2022_c0.5,2025-02-11,5.319379939696672e-05
gerber_gs2022_c0.5,2025-03-13,0.00023639957608229028
gerber_gs2022_c0.5,2025-04-11,4.990756435900782e-05
gerber_gs2022_c0.5,2025-05-13,4.114601619203219e-05
gerber_gs2022_c0.5,2025-06-12,1.467790294398735e-05
gerber_gs2022_c0.5,2025-07-15,2.847868080143047e-05
gerber_gs2022_c0.5,2025-08-13,9.54188203561482e-06
gerber_gs2022_c0.5,2025-09-12,7.978015272384073e-05
gerber_gs2022_c0.5,2025-10-13,1.1554956725481219e-05
gerber_gs2022_c0.5,2025-11-11,8.3865730222633e-06
gerber_gs2022_c0.5,2025-12-11,2.7515829399368402e-05
gerber_gs2022_c0.5,2026-01-13,4.54767481231192e-05
gerber_gs2022_c0.5,2026-02-12,2.3073353260246475e-05
gerber_gs2022_c0.5,2026-03-16,3.614639298399672e-05
gerber_gs2022_c0.5,2026-04-15,0.0007795485204318039
gerber_gs2022_c0.5,2026-05-14,2.7315753657832538e-05
gerber_gs2022_c0.5,2026-06-15,4.078869720199952e-05
ledoit_wolf,2017-01-04,2.241133540435867e-05
ledoit_wolf,2017-02-03,2.9258433725491242e-05
ledoit_wolf,2017-03-07,1.3809189366760765e-05
ledoit_wolf,2017-04-05,1.2671296017199439e-05
ledoit_wolf,2017-05-05,1.7346649135579924e-05
ledoit_wolf,2017-06-06,2.2836025462673473e-05
ledoit_wolf,2017-07-06,2.1121298350207956e-05
ledoit_wolf,2017-08-04,1.6356703822435013e-05
ledoit_wolf,2017-09-05,1.0839664490941865e-05
ledoit_wolf,2017-10-04,5.467542838532222e-06
ledoit_wolf,2017-11-02,2.0102800359754432e-05
ledoit_wolf,2017-12-04,8.42487751494353e-06
ledoit_wolf,2018-01-04,3.073934608551048e-05
ledoit_wolf,2018-02-05,0.00016142856619502324
ledoit_wolf,2018-03-07,3.103539653066104e-05
ledoit_wolf,2018-04-06,4.5723368685222735e-05
ledoit_wolf,2018-05-07,2.9639246537919784e-05
ledoit_wolf,2018-06-06,2.8830279500856677e-05
ledoit_wolf,2018-07-06,3.6544762058513685e-05
ledoit_wolf,2018-08-06,1.817349352117648e-05
ledoit_wolf,2018-09-05,1.8982621293872332e-05
ledoit_wolf,2018-10-04,6.242060841213292e-05
ledoit_wolf,2018-11-02,5.296797473697145e-05
ledoit_wolf,2018-12-04,9.43880870557083e-05
ledoit_wolf,2019-01-07,6.5275605806868e-05
ledoit_wolf,2019-02-06,2.6185981736069318e-05
ledoit_wolf,2019-03-08,2.9181421055643386e-05
ledoit_wolf,2019-04-08,3.330506443787212e-05
ledoit_wolf,2019-05-08,2.586141030569831e-05
ledoit_wolf,2019-06-07,3.950943402841539e-05
ledoit_wolf,2019-07-09,4.636182335886834e-05
ledoit_wolf,2019-08-07,7.76672769663469e-05
ledoit_wolf,2019-09-06,3.336083131077805e-05
ledoit_wolf,2019-10-07,2.507506981219523e-05
ledoit_wolf,2019-11-05,2.164063667532845e-05
ledoit_wolf,2019-12-05,1.0056644066996062e-05
ledoit_wolf,2020-01-07,4.278021068241262e-05
ledoit_wolf,2020-02-06,0.0002770624933004438
ledoit_wolf,2020-03-09,0.0015247491081172779
ledoit_wolf,2020-04-07,0.00016387348562100113
ledoit_wolf,2020-05-07,0.00017099364995655806
ledoit_wolf,2020-06-08,7.664134155061453e-05
ledoit_wolf,2020-07-08,0.00010237482732288375
ledoit_wolf,2020-08-06,5.33275473178929e-05
ledoit_wolf,2020-09-04,6.295777852481445e-05
ledoit_wolf,2020-10-06,0.00011444665780247981
ledoit_wolf,2020-11-04,0.00010671566762431877
ledoit_wolf,2020-12-04,5.000569690295256e-05
ledoit_wolf,2021-01-06,6.101700470810444e-05
ledoit_wolf,2021-02-05,7.329200764552616e-05
ledoit_wolf,2021-03-09,6.772571391548418e-05
ledoit_wolf,2021-04-08,5.3835444365718316e-05
ledoit_wolf,2021-05-07,4.096650024473568e-05
ledoit_wolf,2021-06-08,4.0481125010912715e-05
ledoit_wolf,2021-07-08,4.389844566350021e-05
ledoit_wolf,2021-08-06,3.288854676342297e-05
ledoit_wolf,2021-09-07,3.722259195160042e-05
ledoit_wolf,2021-10-06,2.461539383431592e-05
ledoit_wolf,2021-11-04,4.346374867618426e-05
ledoit_wolf,2021-12-06,2.4768880110992607e-05
ledoit_wolf,2022-01-05,4.9081013306234505e-05
ledoit_wolf,2022-02-04,7.61583839207762e-05
ledoit_wolf,2022-03-08,7.155139549762629e-05
ledoit_wolf,2022-04-06,0.0001096762173118154
ledoit_wolf,2022-05-06,0.00010305882352278629
ledoit_wolf,2022-06-07,0.00011936160907455239
ledoit_wolf,2022-07-08,2.780193558106781e-05
ledoit_wolf,2022-08-08,6.7877199564249e-05
ledoit_wolf,2022-09-07,0.00013022603973241408
ledoit_wolf,2022-10-06,0.0001333818470937338
ledoit_wolf,2022-11-04,0.0001748459990978032
ledoit_wolf,2022-12-06,3.0045144498540213e-05
ledoit_wolf,2023-01-06,0.00011363800510135193
ledoit_wolf,2023-02-07,4.242978455821814e-05
ledoit_wolf,2023-03-09,5.5967016529699784e-05
ledoit_wolf,2023-04-10,9.722156424408327e-05
ledoit_wolf,2023-05-09,6.160715289251822e-05
ledoit_wolf,2023-06-08,3.284740804045705e-05
ledoit_wolf,2023-07-11,5.121105557844326e-05
ledoit_wolf,2023-08-09,3.9188486873388914e-05
ledoit_wolf,2023-09-08,4.511097833651155e-05
ledoit_wolf,2023-10-09,6.261045551293859e-05
ledoit_wolf,2023-11-07,3.492977674598623e-05
ledoit_wolf,2023-12-07,6.898636197955185e-05
ledoit_wolf,2024-01-09,6.537519151575714e-05
ledoit_wolf,2024-02-08,2.945283716830936e-05
ledoit_wolf,2024-03-11,2.809681034301302e-05
ledoit_wolf,2024-04-10,3.3480956214082834e-05
ledoit_wolf,2024-05-09,2.7311583205422e-05
ledoit_wolf,2024-06-10,3.1418148487412385e-05
ledoit_wolf,2024-07-11,0.00011529026915512756
ledoit_wolf,2024-08-09,2.5848814426796464e-05
ledoit_wolf,2024-09-10,2.8920896306135114e-05
ledoit_wolf,2024-10-09,2.538232859992233e-05
ledoit_wolf,2024-11-07,3.438536716616716e-05
ledoit_wolf,2024-12-09,2.645332843505395e-05
ledoit_wolf,2025-01-10,3.316268109459956e-05
ledoit_wolf,2025-02-11,3.153510895308841e-05
ledoit_wolf,2025-03-13,0.00021314482318999622
ledoit_wolf,2025-04-11,5.146078963634524e-05
ledoit_wolf,2025-05-13,3.453054262885578e-05
ledoit_wolf,2025-06-12,4.0901878836249203e-05
ledoit_wolf,2025-07-15,4.5088873712922886e-05
ledoit_wolf,2025-08-13,3.54888595540169e-05
ledoit_wolf,2025-09-12,3.499491407909688e-05
ledoit_wolf,2025-10-13,5.179903722093201e-05
ledoit_wolf,2025-11-11,3.625573056021975e-05
ledoit_wolf,2025-12-11,3.4018778578193675e-05
ledoit_wolf,2026-01-13,7.256814181827185e-05
ledoit_wolf,2026-02-12,9.97172323662797e-05
ledoit_wolf,2026-03-16,6.23726084672269e-05
ledoit_wolf,2026-04-15,9.996150528927772e-05
ledoit_wolf,2026-05-14,2.118603506326586e-05
ledoit_wolf,2026-06-15,4.3043944617211506e-05
hrp,2017-01-04,1.3466445839618014e-05
hrp,2017-02-03,1.7861538949270412e-05
hrp,2017-03-07,1.4405310646235388e-05
hrp,2017-04-05,1.5401301527859458e-05
hrp,2017-05-05,2.2199046226895317e-05
hrp,2017-06-06,1.7918024987313424e-05
hrp,2017-07-06,1.2781545187463668e-05
hrp,2017-08-04,3.0510963722721032e-05
hrp,2017-09-05,1.0182490945344025e-05
hrp,2017-10-04,6.9556071336789785e-06
hrp,2017-11-02,1.4978989243546606e-05
hrp,2017-12-04,1.1297928539705376e-05
hrp,2018-01-04,3.922156586445716e-05
hrp,2018-02-05,0.00019418598407669054
hrp,2018-03-07,0.00011575698515682047
hrp,2018-04-06,5.793986518840157e-05
hrp,2018-05-07,2.666672242287182e-05
hrp,2018-06-06,1.8923121974434657e-05
hrp,2018-07-06,2.2361363569415108e-05
hrp,2018-08-06,1.675177567410418e-05
hrp,2018-09-05,1.0866166607780605e-05
hrp,2018-10-04,0.0001507553304037317
hrp,2018-11-02,7.01285325796555e-05
hrp,2018-12-04,0.000272734694228226
hrp,2019-01-07,4.015965406672835e-05
hrp,2019-02-06,1.769711087631555e-05
hrp,2019-03-08,3.383757817081481e-05
hrp,2019-04-08,3.037506981298765e-05
hrp,2019-05-08,5.7921200924903055e-05
hrp,2019-06-07,2.5116325512698747e-05
hrp,2019-07-09,5.5897092976494054e-05
hrp,2019-08-07,0.0001137657231349271
hrp,2019-09-06,3.473630271143117e-05
hrp,2019-10-07,2.3044714998359806e-05
hrp,2019-11-05,1.2928223665167668e-05
hrp,2019-12-05,8.728329662043049e-06
hrp,2020-01-07,4.1549712926149584e-05
hrp,2020-02-06,0.0004199124313533869
hrp,2020-03-09,0.0036332411389770427
hrp,2020-04-07,0.00036878393936258546
hrp,2020-05-07,0.00020774077765620987
hrp,2020-06-08,0.0002708464198397354
hrp,2020-07-08,5.3282769137041385e-05
hrp,2020-08-06,6.778932245966064e-05
hrp,2020-09-04,0.00012337788146629357
hrp,2020-10-06,0.00013362247292497394
hrp,2020-11-04,6.188414627849437e-05
hrp,2020-12-04,3.66651687429695e-05
hrp,2021-01-06,6.590005010674902e-05
hrp,2021-02-05,8.534450929391188e-05
hrp,2021-03-09,4.9424199603300434e-05
hrp,2021-04-08,2.3527950971332903e-05
hrp,2021-05-07,4.949232035880543e-05
hrp,2021-06-08,3.491703641270825e-05
hrp,2021-07-08,4.389855871469992e-05
hrp,2021-08-06,1.7094645229920267e-05
hrp,2021-09-07,5.811633126377553e-05
hrp,2021-10-06,3.4143798645386045e-05
hrp,2021-11-04,7.12759306716295e-05
hrp,2021-12-06,5.708448811934332e-05
hrp,2022-01-05,7.982000810297424e-05
hrp,2022-02-04,0.0001357685730801667
hrp,2022-03-08,8.508602188811521e-05
hrp,2022-04-06,0.0001933458433359974
hrp,2022-05-06,0.00017656471718931134
hrp,2022-06-07,0.0002292942682605402
hrp,2022-07-08,6.97939962518838e-05
hrp,2022-08-08,9.692013565904716e-05
hrp,2022-09-07,0.00024580964536138954
hrp,2022-10-06,0.0002010577197205723
hrp,2022-11-04,0.0001432504948530524
hrp,2022-12-06,7.599316351795398e-05
hrp,2023-01-06,7.10326416980868e-05
hrp,2023-02-07,5.435229007499202e-05
hrp,2023-03-09,0.00010847554479716643
hrp,2023-04-10,4.995048459335538e-05
hrp,2023-05-09,3.879748108895144e-05
hrp,2023-06-08,2.9719667438615702e-05
hrp,2023-07-11,2.1547341695196096e-05
hrp,2023-08-09,2.9534849766886755e-05
hrp,2023-09-08,3.8727140952816907e-05
hrp,2023-10-09,7.199840633911601e-05
hrp,2023-11-07,3.693050394651337e-05
hrp,2023-12-07,4.650483487004871e-05
hrp,2024-01-09,3.061013036488362e-05
hrp,2024-02-08,2.4755158351997984e-05
hrp,2024-03-11,2.758269778045252e-05
hrp,2024-04-10,3.57190571232979e-05
hrp,2024-05-09,3.619643380261317e-05
hrp,2024-06-10,1.4813123665411607e-05
hrp,2024-07-11,8.138433546606403e-05
hrp,2024-08-09,3.4143480428224914e-05
hrp,2024-09-10,2.2430482919887805e-05
hrp,2024-10-09,3.961594882131636e-05
hrp,2024-11-07,2.7662948074875453e-05
hrp,2024-12-09,5.2880106764338766e-05
hrp,2025-01-10,4.622659700752193e-05
hrp,2025-02-11,5.858577818632019e-05
hrp,2025-03-13,0.000461815896652727
hrp,2025-04-11,9.437383977074765e-05
hrp,2025-05-13,5.0843755017810494e-05
hrp,2025-06-12,3.416353794826783e-05
hrp,2025-07-15,3.5438852925107314e-05
hrp,2025-08-13,2.9802672602971136e-05
hrp,2025-09-12,2.468366470285205e-05
hrp,2025-10-13,3.2938176075634286e-05
hrp,2025-11-11,3.51540566716659e-05
hrp,2025-12-11,2.5547570085544294e-05
hrp,2026-01-13,2.9798500930087702e-05
hrp,2026-02-12,3.7005640760548e-05
hrp,2026-03-16,6.07009387163932e-05
hrp,2026-04-15,4.8391205322950724e-05
hrp,2026-05-14,3.376015779236982e-05
hrp,2026-06-15,4.9541819418975746e-05
diffgerber_tglobal,2017-01-04,1.2581456530005125e-05
diffgerber_tglobal,2017-02-03,1.8726785503032637e-05
diffgerber_tglobal,2017-03-07,7.310312898515238e-06
diffgerber_tglobal,2017-04-05,1.1160740101151813e-05
diffgerber_tglobal,2017-05-05,1.0681238294234015e-05
diffgerber_tglobal,2017-06-06,1.786061955935649e-05
diffgerber_tglobal,2017-07-06,1.2723136918323913e-05
diffgerber_tglobal,2017-08-04,1.2564819083033334e-05
diffgerber_tglobal,2017-09-05,7.3176707659461764e-06
diffgerber_tglobal,2017-10-04,6.161344745993622e-06
diffgerber_tglobal,2017-11-02,1.8393795421412142e-05
diffgerber_tglobal,2017-12-04,8.158015057871007e-06
diffgerber_tglobal,2018-01-04,3.177355567944345e-05
diffgerber_tglobal,2018-02-05,0.00016078665879259345
diffgerber_tglobal,2018-03-07,5.454692948017681e-05
diffgerber_tglobal,2018-04-06,2.6866659272805168e-05
diffgerber_tglobal,2018-05-07,2.133886652771701e-05
diffgerber_tglobal,2018-06-06,1.555942692501692e-05
diffgerber_tglobal,2018-07-06,1.8033254282572827e-05
diffgerber_tglobal,2018-08-06,1.2792131699116696e-05
diffgerber_tglobal,2018-09-05,1.764557656983338e-05
diffgerber_tglobal,2018-10-04,6.850604652655779e-05
diffgerber_tglobal,2018-11-02,4.151853968029081e-05
diffgerber_tglobal,2018-12-04,0.00013847923774035298
diffgerber_tglobal,2019-01-07,3.126333313690843e-05
diffgerber_tglobal,2019-02-06,1.764932515447281e-05
diffgerber_tglobal,2019-03-08,3.173865973332587e-05
diffgerber_tglobal,2019-04-08,2.2224528247249555e-05
diffgerber_tglobal,2019-05-08,3.540166140680323e-05
diffgerber_tglobal,2019-06-07,3.225622944981799e-05
diffgerber_tglobal,2019-07-09,4.0745688775302476e-05
diffgerber_tglobal,2019-08-07,6.497479185533326e-05
diffgerber_tglobal,2019-09-06,3.147220085042917e-05
diffgerber_tglobal,2019-10-07,1.184968925471063e-05
diffgerber_tglobal,2019-11-05,2.1116701274721696e-05
diffgerber_tglobal,2019-12-05,7.417882055400945e-06
diffgerber_tglobal,2020-01-07,2.296523054544626e-05
diffgerber_tglobal,2020-02-06,0.00032827147516377057
diffgerber_tglobal,2020-03-09,0.0020761988638529835
diffgerber_tglobal,2020-04-07,0.00012704196178038842
diffgerber_tglobal,2020-05-07,8.491268273863215e-05
diffgerber_tglobal,2020-06-08,9.465917247585168e-05
diffgerber_tglobal,2020-07-08,6.914372842275378e-05
diffgerber_tglobal,2020-08-06,5.850774757031241e-05
diffgerber_tglobal,2020-09-04,6.361096179770673e-05
diffgerber_tglobal,2020-10-06,5.5362790267724594e-05
diffgerber_tglobal,2020-11-04,0.00011913174368022607
diffgerber_tglobal,2020-12-04,3.760029662382469e-05
diffgerber_tglobal,2021-01-06,5.2400799905537044e-05
diffgerber_tglobal,2021-02-05,9.111874468499357e-05
diffgerber_tglobal,2021-03-09,5.8360840967353755e-05
diffgerber_tglobal,2021-04-08,3.363694429539655e-05
diffgerber_tglobal,2021-05-07,3.118450648316446e-05
diffgerber_tglobal,2021-06-08,2.87527654209528e-05
diffgerber_tglobal,2021-07-08,2.116599848229718e-05
diffgerber_tglobal,2021-08-06,2.1682207992152374e-05
diffgerber_tglobal,2021-09-07,3.0376372499347196e-05
diffgerber_tglobal,2021-10-06,1.929515863656463e-05
diffgerber_tglobal,2021-11-04,4.2947794141221954e-05
diffgerber_tglobal,2021-12-06,2.8022601960796934e-05
diffgerber_tglobal,2022-01-05,4.63431933682938e-05
diffgerber_tglobal,2022-02-04,6.778074872699653e-05
diffgerber_tglobal,2022-03-08,6.993147923019446e-05
diffgerber_tglobal,2022-04-06,0.0001128255789962183
diffgerber_tglobal,2022-05-06,8.015007319690712e-05
diffgerber_tglobal,2022-06-07,0.00015611479240189026
diffgerber_tglobal,2022-07-08,3.774600099341659e-05
diffgerber_tglobal,2022-08-08,5.969943925345551e-05
diffgerber_tglobal,2022-09-07,0.00011783370910365532
diffgerber_tglobal,2022-10-06,0.00011480866259016493
diffgerber_tglobal,2022-11-04,5.8149925041850115e-05
diffgerber_tglobal,2022-12-06,3.263663091663457e-05
diffgerber_tglobal,2023-01-06,7.95130073009787e-05
diffgerber_tglobal,2023-02-07,4.3404165168351984e-05
diffgerber_tglobal,2023-03-09,5.020399911324436e-05
diffgerber_tglobal,2023-04-10,7.053253255130115e-05
diffgerber_tglobal,2023-05-09,2.1988261499595673e-05
diffgerber_tglobal,2023-06-08,2.4249255795548782e-05
diffgerber_tglobal,2023-07-11,2.269596801961202e-05
diffgerber_tglobal,2023-08-09,2.0719782099433074e-05
diffgerber_tglobal,2023-09-08,2.3494979076495322e-05
diffgerber_tglobal,2023-10-09,4.0387325653851214e-05
diffgerber_tglobal,2023-11-07,2.1896083818731973e-05
diffgerber_tglobal,2023-12-07,4.4570839542335494e-05
diffgerber_tglobal,2024-01-09,2.6444393615301038e-05
diffgerber_tglobal,2024-02-08,1.8614150306663476e-05
diffgerber_tglobal,2024-03-11,1.634469456728358e-05
diffgerber_tglobal,2024-04-10,2.010208861683545e-05
diffgerber_tglobal,2024-05-09,2.749873996112762e-05
diffgerber_tglobal,2024-06-10,2.4899971870747453e-05
diffgerber_tglobal,2024-07-11,5.536968244685119e-05
diffgerber_tglobal,2024-08-09,2.1332743055361444e-05
diffgerber_tglobal,2024-09-10,1.8966415575166376e-05
diffgerber_tglobal,2024-10-09,2.364089192188867e-05
diffgerber_tglobal,2024-11-07,2.901916311028782e-05
diffgerber_tglobal,2024-12-09,2.7939122730018126e-05
diffgerber_tglobal,2025-01-10,3.125766918485237e-05
diffgerber_tglobal,2025-02-11,4.850282937263797e-05
diffgerber_tglobal,2025-03-13,0.0002627851087514681
diffgerber_tglobal,2025-04-11,5.972638019701606e-05
diffgerber_tglobal,2025-05-13,3.4818055272663655e-05
diffgerber_tglobal,2025-06-12,1.6860899511439687e-05
diffgerber_tglobal,2025-07-15,2.1140101907487797e-05
diffgerber_tglobal,2025-08-13,8.44588660069368e-06
diffgerber_tglobal,2025-09-12,7.371088957976281e-05
diffgerber_tglobal,2025-10-13,1.1116899398673476e-05
diffgerber_tglobal,2025-11-11,7.071168470965986e-06
diffgerber_tglobal,2025-12-11,2.04903850935267e-05
diffgerber_tglobal,2026-01-13,4.089926889017648e-05
diffgerber_tglobal,2026-02-12,3.0113173617892457e-05
diffgerber_tglobal,2026-03-16,3.66746186485585e-05
diffgerber_tglobal,2026-04-15,0.0002197288897177519
diffgerber_tglobal,2026-05-14,1.8725607231020432e-05
diffgerber_tglobal,2026-06-15,3.3210578282950926e-05
diffgerber_tasset,2017-01-04,2.0457753243665677e-05
diffgerber_tasset,2017-02-03,2.1090340179080512e-05
diffgerber_tasset,2017-03-07,6.0161083798269116e-06
diffgerber_tasset,2017-04-05,1.1358897001779065e-05
diffgerber_tasset,2017-05-05,1.0763878472460397e-05
diffgerber_tasset,2017-06-06,1.9641407412223014e-05
diffgerber_tasset,2017-07-06,1.7712376622497745e-05
diffgerber_tasset,2017-08-04,1.4332337725035073e-05
diffgerber_tasset,2017-09-05,4.40583739491106e-06
diffgerber_tasset,2017-10-04,4.443757611030524e-06
diffgerber_tasset,2017-11-02,2.170422284477639e-05
diffgerber_tasset,2017-12-04,7.753991411039515e-06
diffgerber_tasset,2018-01-04,3.417598549851885e-05
diffgerber_tasset,2018-02-05,0.0001538019782521662
diffgerber_tasset,2018-03-07,5.1599753909246336e-05
diffgerber_tasset,2018-04-06,2.189127388278681e-05
diffgerber_tasset,2018-05-07,2.4854865463975645e-05
diffgerber_tasset,2018-06-06,1.5483778131476812e-05
diffgerber_tasset,2018-07-06,1.8449732391604258e-05
diffgerber_tasset,2018-08-06,1.5153580084747154e-05
diffgerber_tasset,2018-09-05,1.3660074437302232e-05
diffgerber_tasset,2018-10-04,8.936231605187215e-05
diffgerber_tasset,2018-11-02,4.7809224103211136e-05
diffgerber_tasset,2018-12-04,0.00014929634460618364
diffgerber_tasset,2019-01-07,3.163540327762583e-05
diffgerber_tasset,2019-02-06,1.2977115493952985e-05
diffgerber_tasset,2019-03-08,2.5840358087484296e-05
diffgerber_tasset,2019-04-08,2.0828652104469017e-05
diffgerber_tasset,2019-05-08,3.634029873236297e-05
diffgerber_tasset,2019-06-07,2.9931484589777328e-05
diffgerber_tasset,2019-07-09,3.69378517543674e-05
diffgerber_tasset,2019-08-07,6.677682955186249e-05
diffgerber_tasset,2019-09-06,3.424219886214917e-05
diffgerber_tasset,2019-10-07,1.1808752690843172e-05
diffgerber_tasset,2019-11-05,2.5997462531294036e-05
diffgerber_tasset,2019-12-05,8.362013039094653e-06
diffgerber_tasset,2020-01-07,2.3800697253784636e-05
diffgerber_tasset,2020-02-06,0.00037797273349154833
diffgerber_tasset,2020-03-09,0.0024533464467071326
diffgerber_tasset,2020-04-07,0.00014246083015350547
diffgerber_tasset,2020-05-07,8.366576668860237e-05
diffgerber_tasset,2020-06-08,8.579175978770961e-05
diffgerber_tasset,2020-07-08,5.785367635221306e-05
diffgerber_tasset,2020-08-06,5.112981687185963e-05
diffgerber_tasset,2020-09-04,6.709568528884884e-05
diffgerber_tasset,2020-10-06,8.043802271376067e-05
diffgerber_tasset,2020-11-04,5.59452776246122e-05
diffgerber_tasset,2020-12-04,2.5099419633112636e-05
diffgerber_tasset,2021-01-06,5.140787397634267e-05
diffgerber_tasset,2021-02-05,7.480582373050729e-05
diffgerber_tasset,2021-03-09,5.231859897250384e-05
diffgerber_tasset,2021-04-08,3.0937766549845116e-05
diffgerber_tasset,2021-05-07,2.5563536081132185e-05
diffgerber_tasset,2021-06-08,2.533723314322571e-05
diffgerber_tasset,2021-07-08,2.345769026305467e-05
diffgerber_tasset,2021-08-06,2.1353365581530093e-05
diffgerber_tasset,2021-09-07,3.681465369050582e-05
diffgerber_tasset,2021-10-06,2.51335184960302e-05
diffgerber_tasset,2021-11-04,4.959204154697034e-05
diffgerber_tasset,2021-12-06,2.7118275769186085e-05
diffgerber_tasset,2022-01-05,5.751263642589345e-05
diffgerber_tasset,2022-02-04,9.958220058613196e-05
diffgerber_tasset,2022-03-08,8.163728267803683e-05
diffgerber_tasset,2022-04-06,0.0001143739612330354
diffgerber_tasset,2022-05-06,7.806494435465257e-05
diffgerber_tasset,2022-06-07,0.0001390005786239638
diffgerber_tasset,2022-07-08,4.6738122827741114e-05
diffgerber_tasset,2022-08-08,5.6848180263572734e-05
diffgerber_tasset,2022-09-07,0.0001355840114836581
diffgerber_tasset,2022-10-06,0.00014598668359389242
diffgerber_tasset,2022-11-04,5.786287696210105e-05
diffgerber_tasset,2022-12-06,3.4410900484910593e-05
diffgerber_tasset,2023-01-06,6.579908427560614e-05
diffgerber_tasset,2023-02-07,3.5959445155524576e-05
diffgerber_tasset,2023-03-09,5.012988261107727e-05
diffgerber_tasset,2023-04-10,4.6620762618491256e-05
diffgerber_tasset,2023-05-09,2.375656195931947e-05
diffgerber_tasset,2023-06-08,2.8987522495337346e-05
diffgerber_tasset,2023-07-11,3.6537745696946573e-05
diffgerber_tasset,2023-08-09,1.5496280974864952e-05
diffgerber_tasset,2023-09-08,1.7341758394563402e-05
diffgerber_tasset,2023-10-09,4.219907232715671e-05
diffgerber_tasset,2023-11-07,2.0117557382220058e-05
diffgerber_tasset,2023-12-07,3.879318461018096e-05
diffgerber_tasset,2024-01-09,2.546404754606057e-05
diffgerber_tasset,2024-02-08,2.2751642574172365e-05
diffgerber_tasset,2024-03-11,1.8942680482813147e-05
diffgerber_tasset,2024-04-10,3.077945157436852e-05
diffgerber_tasset,2024-05-09,3.068812473640852e-05
diffgerber_tasset,2024-06-10,2.244469255504318e-05
diffgerber_tasset,2024-07-11,3.7935655306299325e-05
diffgerber_tasset,2024-08-09,1.8614303439314154e-05
diffgerber_tasset,2024-09-10,2.3489304582726572e-05
diffgerber_tasset,2024-10-09,2.4108993955361746e-05
diffgerber_tasset,2024-11-07,2.7546109331872637e-05
diffgerber_tasset,2024-12-09,2.543588734643088e-05
diffgerber_tasset,2025-01-10,3.187883408723077e-05
diffgerber_tasset,2025-02-11,5.5144627135368504e-05
diffgerber_tasset,2025-03-13,0.00026667239020758036
diffgerber_tasset,2025-04-11,5.696937303935928e-05
diffgerber_tasset,2025-05-13,4.698309530506244e-05
diffgerber_tasset,2025-06-12,1.7245487784090014e-05
diffgerber_tasset,2025-07-15,2.7518493513986398e-05
diffgerber_tasset,2025-08-13,1.0415255759038323e-05
diffgerber_tasset,2025-09-12,5.4567145800002e-05
diffgerber_tasset,2025-10-13,1.4035619302566334e-05
diffgerber_tasset,2025-11-11,1.053155581920154e-05
diffgerber_tasset,2025-12-11,2.5712965558739646e-05
diffgerber_tasset,2026-01-13,4.178386516836927e-05
diffgerber_tasset,2026-02-12,2.0476667258719847e-05
diffgerber_tasset,2026-03-16,4.322040234255974e-05
diffgerber_tasset,2026-04-15,0.00045390368314298144
diffgerber_tasset,2026-05-14,2.69097346388143e-05
diffgerber_tasset,2026-06-15,2.7375716632828107e-05
diffgerber_tasym,2017-01-04,1.3558723709482802e-05
diffgerber_tasym,2017-02-03,2.0487078444115186e-05
diffgerber_tasym,2017-03-07,8.651998432674784e-06
diffgerber_tasym,2017-04-05,8.491979886005518e-06
diffgerber_tasym,2017-05-05,9.505082108728018e-06
diffgerber_tasym,2017-06-06,1.734305588276673e-05
diffgerber_tasym,2017-07-06,1.5898825997500052e-05
diffgerber_tasym,2017-08-04,1.327807021478444e-05
diffgerber_tasym,2017-09-05,7.4474638649206635e-06
diffgerber_tasym,2017-10-04,5.105754502427384e-06
diffgerber_tasym,2017-11-02,1.5784581582043653e-05
diffgerber_tasym,2017-12-04,7.555374906566242e-06
diffgerber_tasym,2018-01-04,3.16810851894691e-05
diffgerber_tasym,2018-02-05,0.00016278938167517873
diffgerber_tasym,2018-03-07,5.4676476806061894e-05
diffgerber_tasym,2018-04-06,2.902341606787619e-05
diffgerber_tasym,2018-05-07,2.3271624259694567e-05
diffgerber_tasym,2018-06-06,1.5342925699605274e-05
diffgerber_tasym,2018-07-06,1.7495000010797343e-05
diffgerber_tasym,2018-08-06,1.2298268581992631e-05
diffgerber_tasym,2018-09-05,1.7086290023278737e-05
diffgerber_tasym,2018-10-04,6.546706083472556e-05
diffgerber_tasym,2018-11-02,4.1244582864209155e-05
diffgerber_tasym,2018-12-04,0.00014016540224320932
diffgerber_tasym,2019-01-07,3.3452405830087225e-05
diffgerber_tasym,2019-02-06,1.662908652093563e-05
diffgerber_tasym,2019-03-08,2.8701748694688096e-05
diffgerber_tasym,2019-04-08,1.8758049626803496e-05
diffgerber_tasym,2019-05-08,3.0568461696737377e-05
diffgerber_tasym,2019-06-07,3.100524924218832e-05
diffgerber_tasym,2019-07-09,4.1983805163962204e-05
diffgerber_tasym,2019-08-07,5.577738852221226e-05
diffgerber_tasym,2019-09-06,3.1267098509556324e-05
diffgerber_tasym,2019-10-07,1.3379967011857669e-05
diffgerber_tasym,2019-11-05,2.065672341225163e-05
diffgerber_tasym,2019-12-05,7.436302375700856e-06
diffgerber_tasym,2020-01-07,2.4664968976011543e-05
diffgerber_tasym,2020-02-06,0.0003297865321731521
diffgerber_tasym,2020-03-09,0.002194505463369569
diffgerber_tasym,2020-04-07,0.00015002371317597327
diffgerber_tasym,2020-05-07,9.062461705930835e-05
diffgerber_tasym,2020-06-08,8.695139589094221e-05
diffgerber_tasym,2020-07-08,8.012767199339183e-05
diffgerber_tasym,2020-08-06,5.38871469204178e-05
diffgerber_tasym,2020-09-04,6.174293546224089e-05
diffgerber_tasym,2020-10-06,8.004807116285796e-05
diffgerber_tasym,2020-11-04,9.608877310254625e-05
diffgerber_tasym,2020-12-04,3.6689222782695395e-05
diffgerber_tasym,2021-01-06,5.4930126638557704e-05
diffgerber_tasym,2021-02-05,9.255779003578129e-05
diffgerber_tasym,2021-03-09,7.096956110473588e-05
diffgerber_tasym,2021-04-08,4.3632247118040954e-05
diffgerber_tasym,2021-05-07,3.145018241483493e-05
diffgerber_tasym,2021-06-08,3.5976802446796825e-05
diffgerber_tasym,2021-07-08,1.8160574060182808e-05
diffgerber_tasym,2021-08-06,2.6954864586291154e-05
diffgerber_tasym,2021-09-07,2.85168705171969e-05
diffgerber_tasym,2021-10-06,2.32306556137299e-05
diffgerber_tasym,2021-11-04,5.0877994313522056e-05
diffgerber_tasym,2021-12-06,2.6248326670067763e-05
diffgerber_tasym,2022-01-05,4.608441612657265e-05
diffgerber_tasym,2022-02-04,6.902744981615572e-05
diffgerber_tasym,2022-03-08,7.137354481600227e-05
diffgerber_tasym,2022-04-06,0.00010971101874002901
diffgerber_tasym,2022-05-06,7.867067076184549e-05
diffgerber_tasym,2022-06-07,0.00015834811455416435
diffgerber_tasym,2022-07-08,4.224980024977648e-05
diffgerber_tasym,2022-08-08,6.323928396334353e-05
diffgerber_tasym,2022-09-07,0.00011563579372693728
diffgerber_tasym,2022-10-06,0.00012389837321998354
diffgerber_tasym,2022-11-04,5.93163739494196e-05
diffgerber_tasym,2022-12-06,3.453548255620951e-05
diffgerber_tasym,2023-01-06,7.274855367505467e-05
diffgerber_tasym,2023-02-07,4.951537993682395e-05
diffgerber_tasym,2023-03-09,5.6460479896208484e-05
diffgerber_tasym,2023-04-10,6.97307442890101e-05
diffgerber_tasym,2023-05-09,2.2937564397655145e-05
diffgerber_tasym,2023-06-08,2.8157698974309725e-05
diffgerber_tasym,2023-07-11,2.6474904710139166e-05
diffgerber_tasym,2023-08-09,1.6400309661030957e-05
diffgerber_tasym,2023-09-08,2.0280221922867062e-05
diffgerber_tasym,2023-10-09,4.493615157517487e-05
diffgerber_tasym,2023-11-07,2.2287873361969467e-05
diffgerber_tasym,2023-12-07,4.091864565629125e-05
diffgerber_tasym,2024-01-09,3.084424488709408e-05
diffgerber_tasym,2024-02-08,1.9429840870156084e-05
diffgerber_tasym,2024-03-11,1.9426949820903278e-05
diffgerber_tasym,2024-04-10,2.3937225367430946e-05
diffgerber_tasym,2024-05-09,2.6781362433637193e-05
diffgerber_tasym,2024-06-10,2.5458215994994317e-05
diffgerber_tasym,2024-07-11,5.783117832122503e-05
diffgerber_tasym,2024-08-09,2.03495285701626e-05
diffgerber_tasym,2024-09-10,1.7261347950334648e-05
diffgerber_tasym,2024-10-09,2.198761741230093e-05
diffgerber_tasym,2024-11-07,3.126277853127965e-05
diffgerber_tasym,2024-12-09,2.6174740530018688e-05
diffgerber_tasym,2025-01-10,3.6518398191348396e-05
diffgerber_tasym,2025-02-11,5.174141860066801e-05
diffgerber_tasym,2025-03-13,0.0002468300312675073
diffgerber_tasym,2025-04-11,6.286249120796068e-05
diffgerber_tasym,2025-05-13,3.581391174655919e-05
diffgerber_tasym,2025-06-12,1.5465356189362512e-05
diffgerber_tasym,2025-07-15,2.396743053856579e-05
diffgerber_tasym,2025-08-13,9.491570053613862e-06
diffgerber_tasym,2025-09-12,7.649742368954366e-05
diffgerber_tasym,2025-10-13,1.2485283590126219e-05
diffgerber_tasym,2025-11-11,7.521310653591324e-06
diffgerber_tasym,2025-12-11,2.0335271505304293e-05
diffgerber_tasym,2026-01-13,3.2369725976605554e-05
diffgerber_tasym,2026-02-12,3.234404966546542e-05
diffgerber_tasym,2026-03-16,3.377674330737541e-05
diffgerber_tasym,2026-04-15,0.00046984095645022985
diffgerber_tasym,2026-05-14,2.342683356017969e-05
diffgerber_tasym,2026-06-15,3.392728478917342e-05
diffgerber_tstate,2017-01-04,6.391409888571412e-06
diffgerber_tstate,2017-02-03,1.676931641262896e-05
diffgerber_tstate,2017-03-07,8.340275839744785e-06
diffgerber_tstate,2017-04-05,9.674104830713833e-06
diffgerber_tstate,2017-05-05,1.5529208571517333e-05
diffgerber_tstate,2017-06-06,1.6469342869808637e-05
diffgerber_tstate,2017-07-06,1.4157015889946328e-05
diffgerber_tstate,2017-08-04,1.5925623043360862e-05
diffgerber_tstate,2017-09-05,1.0429834817938564e-05
diffgerber_tstate,2017-10-04,6.089374648783818e-06
diffgerber_tstate,2017-11-02,1.5761596891613054e-05
diffgerber_tstate,2017-12-04,8.966797628560152e-06
diffgerber_tstate,2018-01-04,3.1516004394555074e-05
diffgerber_tstate,2018-02-05,0.0001531753862073871
diffgerber_tstate,2018-03-07,5.763343685970338e-05
diffgerber_tstate,2018-04-06,3.3273085678699695e-05
diffgerber_tstate,2018-05-07,2.0560975533256917e-05
diffgerber_tstate,2018-06-06,1.436845020494141e-05
diffgerber_tstate,2018-07-06,1.102448241889743e-05
diffgerber_tstate,2018-08-06,1.4544186999162127e-05
diffgerber_tstate,2018-09-05,9.947490378077562e-06
diffgerber_tstate,2018-10-04,8.120761754110263e-05
diffgerber_tstate,2018-11-02,4.42270063608517e-05
diffgerber_tstate,2018-12-04,0.00015206472037713562
diffgerber_tstate,2019-01-07,2.8275618055552243e-05
diffgerber_tstate,2019-02-06,2.0995183735975522e-05
diffgerber_tstate,2019-03-08,2.4533125528383122e-05
diffgerber_tstate,2019-04-08,1.6674550296798516e-05
diffgerber_tstate,2019-05-08,3.425926741108685e-05
diffgerber_tstate,2019-06-07,2.5413601084648844e-05
diffgerber_tstate,2019-07-09,4.1141303403372404e-05
diffgerber_tstate,2019-08-07,7.093786290652135e-05
diffgerber_tstate,2019-09-06,2.4111815095734235e-05
diffgerber_tstate,2019-10-07,9.209565684531948e-06
diffgerber_tstate,2019-11-05,1.1737890571111722e-05
diffgerber_tstate,2019-12-05,8.093866983185256e-06
diffgerber_tstate,2020-01-07,2.6250294373598032e-05
diffgerber_tstate,2020-02-06,0.00034729889708020597
diffgerber_tstate,2020-03-09,0.0029372471181583837
diffgerber_tstate,2020-04-07,0.0001508526069124936
diffgerber_tstate,2020-05-07,7.633562467237158e-05
diffgerber_tstate,2020-06-08,0.0001176824102024558
diffgerber_tstate,2020-07-08,3.837030646614423e-05
diffgerber_tstate,2020-08-06,6.280056691360845e-05
diffgerber_tstate,2020-09-04,8.702568713065381e-05
diffgerber_tstate,2020-10-06,8.44406347367589e-05
diffgerber_tstate,2020-11-04,0.0001019364966318359
diffgerber_tstate,2020-12-04,3.184330259374203e-05
diffgerber_tstate,2021-01-06,5.486863083656693e-05
diffgerber_tstate,2021-02-05,8.995747490413679e-05
diffgerber_tstate,2021-03-09,5.26576124454606e-05
diffgerber_tstate,2021-04-08,3.478173713955988e-05
diffgerber_tstate,2021-05-07,3.210842499715928e-05
diffgerber_tstate,2021-06-08,2.8594474703386972e-05
diffgerber_tstate,2021-07-08,1.6154574303719738e-05
diffgerber_tstate,2021-08-06,1.987841238724297e-05
diffgerber_tstate,2021-09-07,4.292306694753324e-05
diffgerber_tstate,2021-10-06,2.5295924356589892e-05
diffgerber_tstate,2021-11-04,5.618205272114414e-05
diffgerber_tstate,2021-12-06,3.0478944176959695e-05
diffgerber_tstate,2022-01-05,4.6209953863825766e-05
diffgerber_tstate,2022-02-04,7.373283419090361e-05
diffgerber_tstate,2022-03-08,7.45617944142638e-05
diffgerber_tstate,2022-04-06,0.00012469144482756068
diffgerber_tstate,2022-05-06,8.056476482923958e-05
diffgerber_tstate,2022-06-07,0.00015029629044935585
diffgerber_tstate,2022-07-08,3.698123209731478e-05
diffgerber_tstate,2022-08-08,7.239510348334172e-05
diffgerber_tstate,2022-09-07,0.0001414770467084579
diffgerber_tstate,2022-10-06,0.00011341829873439177
diffgerber_tstate,2022-11-04,4.863989179479773e-05
diffgerber_tstate,2022-12-06,4.377251730921658e-05
diffgerber_tstate,2023-01-06,5.394421065540432e-05
diffgerber_tstate,2023-02-07,3.995203801305218e-05
diffgerber_tstate,2023-03-09,6.093185194820436e-05
diffgerber_tstate,2023-04-10,4.327246429177845e-05
diffgerber_tstate,2023-05-09,1.8159705841494292e-05
diffgerber_tstate,2023-06-08,2.5296941606673153e-05
diffgerber_tstate,2023-07-11,1.8516447596642534e-05
diffgerber_tstate,2023-08-09,2.225065721246143e-05
diffgerber_tstate,2023-09-08,1.654353936453718e-05
diffgerber_tstate,2023-10-09,4.052834412625919e-05
diffgerber_tstate,2023-11-07,1.999945263962669e-05
diffgerber_tstate,2023-12-07,3.732271467775079e-05
diffgerber_tstate,2024-01-09,3.533511575820684e-05
diffgerber_tstate,2024-02-08,2.0839055797350723e-05
diffgerber_tstate,2024-03-11,1.8548168543696356e-05
diffgerber_tstate,2024-04-10,2.7084386271354644e-05
diffgerber_tstate,2024-05-09,3.520836399865502e-05
diffgerber_tstate,2024-06-10,1.9621570342236415e-05
diffgerber_tstate,2024-07-11,7.435880604476871e-05
diffgerber_tstate,2024-08-09,2.0099419368233043e-05
diffgerber_tstate,2024-09-10,2.0787092182050478e-05
diffgerber_tstate,2024-10-09,2.3154683911646844e-05
diffgerber_tstate,2024-11-07,3.167024225103899e-05
diffgerber_tstate,2024-12-09,2.91847755940664e-05
diffgerber_tstate,2025-01-10,3.5638241885627454e-05
diffgerber_tstate,2025-02-11,5.25713562445779e-05
diffgerber_tstate,2025-03-13,0.000276479506358867
diffgerber_tstate,2025-04-11,5.40991465814299e-05
diffgerber_tstate,2025-05-13,3.71163021336479e-05
diffgerber_tstate,2025-06-12,1.363447498502339e-05
diffgerber_tstate,2025-07-15,2.352929528714523e-05
diffgerber_tstate,2025-08-13,7.6035686034351006e-06
diffgerber_tstate,2025-09-12,6.370202720660643e-05
diffgerber_tstate,2025-10-13,9.413456773911893e-06
diffgerber_tstate,2025-11-11,8.78065201666844e-06
diffgerber_tstate,2025-12-11,2.144315362176742e-05
diffgerber_tstate,2026-01-13,4.826318051208401e-05
diffgerber_tstate,2026-02-12,3.110026695969434e-05
diffgerber_tstate,2026-03-16,7.132525180426655e-05
diffgerber_tstate,2026-04-15,7.528739835006309e-05
diffgerber_tstate,2026-05-14,2.527536858224912e-05
diffgerber_tstate,2026-06-15,3.981570455477189e-05
