N,method,window,total_ret,ann_ret,ann_vol,sharpe,sortino,mdd
30,DG-GMV,covid_crash,-0.30975,-3.63686,0.68266,-5.32747,-6.15524,-0.30704
30,DG-GMV,year_2020,0.08392,0.12232,0.28972,0.42221,0.59232,-0.30975
30,DG-GMV,year_2022,-0.10372,-0.09549,0.17015,-0.5612,-0.7711,-0.20706
30,DG-GMV,calm_2023_26,0.41973,0.10566,0.10818,0.97665,1.43226,-0.124
30,DG-Asym,covid_crash,-0.30674,-3.58346,0.69549,-5.1524,-6.00574,-0.30464
30,DG-Asym,year_2020,0.0767,0.11694,0.29415,0.39755,0.55746,-0.30674
30,DG-Asym,year_2022,-0.06232,-0.05124,0.16372,-0.31298,-0.43625,-0.21807
30,DG-Asym,calm_2023_26,0.25002,0.06982,0.11207,0.62305,0.90244,-0.14542
30,DG-HRP,covid_crash,-0.31632,-3.70419,0.72935,-5.07874,-5.97382,-0.31509
30,DG-HRP,year_2020,0.06413,0.11137,0.31413,0.35453,0.49166,-0.31705
30,DG-HRP,year_2022,-0.14918,-0.14447,0.18835,-0.76703,-1.06177,-0.23602
30,DG-HRP,calm_2023_26,0.58472,0.13753,0.11323,1.21461,1.78438,-0.13076
30,DG-Shrink,covid_crash,-0.30277,-3.53359,0.68194,-5.1817,-6.04308,-0.30034
30,DG-Shrink,year_2020,0.09783,0.13448,0.28778,0.46729,0.65606,-0.30277
30,DG-Shrink,year_2022,-0.10021,-0.09242,0.16496,-0.56028,-0.76378,-0.20766
30,DG-Shrink,calm_2023_26,0.37819,0.09727,0.10882,0.89386,1.31502,-0.13522
30,gerber_c0.5,covid_crash,-0.32497,-3.85194,0.705,-5.46373,-6.24535,-0.32277
30,gerber_c0.5,year_2020,0.05376,0.09689,0.29862,0.32444,0.4487,-0.32497
30,gerber_c0.5,year_2022,-0.09168,-0.08268,0.16663,-0.49621,-0.68266,-0.20019
30,gerber_c0.5,calm_2023_26,0.36083,0.09358,0.10813,0.86547,1.2655,-0.12394
30,ledoit_wolf,covid_crash,-0.2971,-3.45518,0.67228,-5.13954,-5.92465,-0.29544
30,ledoit_wolf,year_2020,0.12466,0.15835,0.2869,0.55192,0.77641,-0.2971
30,ledoit_wolf,year_2022,-0.09404,-0.08548,0.16556,-0.51628,-0.70451,-0.2077
30,ledoit_wolf,calm_2023_26,0.40591,0.10322,0.1113,0.92735,1.3643,-0.16241
30,ans,covid_crash,-0.29615,-3.44598,0.66477,-5.1837,-5.94979,-0.29445
30,ans,year_2020,0.11997,0.15477,0.28898,0.53559,0.75561,-0.29615
30,ans,year_2022,-0.09638,-0.08817,0.16489,-0.53473,-0.72839,-0.20798
30,ans,calm_2023_26,0.40806,0.10378,0.11243,0.92301,1.35656,-0.16422
30,hrp,covid_crash,-0.31542,-3.68913,0.73109,-5.04608,-5.92582,-0.31374
30,hrp,year_2020,0.05556,0.10314,0.3135,0.329,0.45519,-0.31616
30,hrp,year_2022,-0.16701,-0.165,0.19214,-0.85875,-1.18154,-0.2493
30,hrp,calm_2023_26,0.60963,0.14183,0.11194,1.26705,1.86603,-0.12901
30,equal_weight,covid_crash,-0.34598,-4.13225,0.76908,-5.37301,-6.16881,-0.34674
30,equal_weight,year_2020,0.03258,0.08935,0.33805,0.2643,0.36096,-0.34859
30,equal_weight,year_2022,-0.23413,-0.24086,0.23193,-1.0385,-1.41786,-0.28853
30,equal_weight,calm_2023_26,0.87943,0.18866,0.13385,1.40951,2.07548,-0.1701
50,DG-GMV,covid_crash,-0.30187,-3.50462,0.70649,-4.96063,-5.91339,-0.30023
50,DG-GMV,year_2020,0.07091,0.11162,0.29446,0.37908,0.53345,-0.30187
50,DG-GMV,year_2022,-0.10988,-0.10326,0.16498,-0.62586,-0.84538,-0.21211
50,DG-GMV,calm_2023_26,0.26262,0.07174,0.10332,0.69433,1.00702,-0.11698
50,DG-Asym,covid_crash,-0.29737,-3.43932,0.70325,-4.89061,-5.76644,-0.29607
50,DG-Asym,year_2020,0.08217,0.121,0.29057,0.41642,0.57873,-0.29737
50,DG-Asym,year_2022,-0.08912,-0.08024,0.16423,-0.48861,-0.6651,-0.20053
50,DG-Asym,calm_2023_26,0.25018,0.06934,0.10731,0.6462,0.9341,-0.15507
50,DG-HRP,covid_crash,-0.31837,-3.72456,0.74395,-5.00645,-5.89052,-0.31785
50,DG-HRP,year_2020,0.06706,0.11577,0.31942,0.36243,0.50428,-0.31932
50,DG-HRP,year_2022,-0.14184,-0.1372,0.18097,-0.75815,-1.0343,-0.23358
50,DG-HRP,calm_2023_26,0.35506,0.09241,0.10845,0.85212,1.22224,-0.12902
50,DG-Shrink,covid_crash,-0.3086,-3.6086,0.69853,-5.16599,-5.95821,-0.307
50,DG-Shrink,year_2020,-0.04052,0.00083,0.28937,0.00286,0.00393,-0.3086
50,DG-Shrink,year_2022,-0.10319,-0.09643,0.16076,-0.59985,-0.80181,-0.21641
50,DG-Shrink,calm_2023_26,0.26357,0.07196,0.10341,0.69593,1.00877,-0.12145
50,gerber_c0.5,covid_crash,-0.32654,-3.86114,0.72577,-5.32003,-6.0898,-0.32623
50,gerber_c0.5,year_2020,0.00435,0.04961,0.30025,0.16522,0.22596,-0.32654
50,gerber_c0.5,year_2022,-0.12802,-0.12412,0.16373,-0.75812,-1.01413,-0.21794
50,gerber_c0.5,calm_2023_26,0.2386,0.06635,0.10401,0.6379,0.91669,-0.14763
50,ledoit_wolf,covid_crash,-0.29457,-3.39789,0.70004,-4.85388,-5.55539,-0.29346
50,ledoit_wolf,year_2020,-0.01509,0.0276,0.29116,0.09478,0.12845,-0.29457
50,ledoit_wolf,year_2022,-0.11307,-0.10705,0.16376,-0.65373,-0.8734,-0.23624
50,ledoit_wolf,calm_2023_26,0.2279,0.06428,0.10788,0.59586,0.86556,-0.14238
50,ans,covid_crash,-0.29254,-3.36949,0.69847,-4.82409,-5.54044,-0.29166
50,ans,year_2020,-0.02108,0.02215,0.29343,0.0755,0.10262,-0.29254
50,ans,year_2022,-0.10764,-0.10093,0.16381,-0.61614,-0.82587,-0.23388
50,ans,calm_2023_26,0.24654,0.06865,0.10857,0.6323,0.91731,-0.13689
50,hrp,covid_crash,-0.31556,-3.67649,0.75145,-4.89256,-5.7727,-0.31501
50,hrp,year_2020,0.05337,0.10341,0.321,0.32216,0.44791,-0.31643
50,hrp,year_2022,-0.15476,-0.15239,0.18115,-0.84123,-1.14444,-0.23717
50,hrp,calm_2023_26,0.42453,0.10668,0.10875,0.98099,1.41921,-0.12848
50,equal_weight,covid_crash,-0.34092,-4.04786,0.77547,-5.21985,-6.0294,-0.34235
50,equal_weight,year_2020,0.02919,0.08689,0.34077,0.25497,0.35211,-0.34339
50,equal_weight,year_2022,-0.18354,-0.18027,0.2159,-0.83499,-1.14101,-0.25837
50,equal_weight,calm_2023_26,0.56998,0.13635,0.12567,1.08502,1.57508,-0.15813
70,DG-GMV,covid_crash,-0.31717,-3.7443,0.68687,-5.45121,-6.10945,-0.31607
70,DG-GMV,year_2020,0.02392,0.06465,0.28572,0.22627,0.30596,-0.31717
70,DG-GMV,year_2022,-0.0809,-0.07212,0.15867,-0.45453,-0.61602,-0.19704
70,DG-GMV,calm_2023_26,0.2624,0.07163,0.10264,0.69782,1.00559,-0.11707
70,DG-Asym,covid_crash,-0.31334,-3.68336,0.69101,-5.33036,-5.96712,-0.31304
70,DG-Asym,year_2020,0.0253,0.06618,0.28621,0.23123,0.30997,-0.31334
70,DG-Asym,year_2022,-0.06941,-0.05975,0.15809,-0.37793,-0.512,-0.19794
70,DG-Asym,calm_2023_26,0.26337,0.07181,0.10237,0.70153,1.0121,-0.11683
70,DG-HRP,covid_crash,-0.32555,-3.83442,0.74163,-5.1703,-5.94584,-0.32471
70,DG-HRP,year_2020,0.07823,0.12536,0.31644,0.39615,0.5423,-0.3266
70,DG-HRP,year_2022,-0.1012,-0.09181,0.17513,-0.52424,-0.72198,-0.20146
70,DG-HRP,calm_2023_26,0.35985,0.09331,0.10751,0.86795,1.25496,-0.12727
70,DG-Shrink,covid_crash,-0.30301,-3.5336,0.68306,-5.17316,-5.76208,-0.30353
70,DG-Shrink,year_2020,0.02264,0.06206,0.28046,0.22128,0.29278,-0.30353
70,DG-Shrink,year_2022,-0.06669,-0.05706,0.15653,-0.36456,-0.49687,-0.21502
70,DG-Shrink,calm_2023_26,0.20394,0.05815,0.10288,0.5652,0.8114,-0.12327
70,gerber_c0.5,covid_crash,-0.32872,-3.90702,0.70621,-5.53237,-6.12512,-0.32898
70,gerber_c0.5,year_2020,-0.02561,0.01648,0.28955,0.05692,0.07521,-0.32898
70,gerber_c0.5,year_2022,-0.10977,-0.10421,0.15829,-0.65834,-0.88403,-0.20626
70,gerber_c0.5,calm_2023_26,0.2802,0.07568,0.10332,0.73251,1.0598,-0.12722
70,ledoit_wolf,covid_crash,-0.30021,-3.44959,0.74023,-4.66017,-5.14575,-0.3161
70,ledoit_wolf,year_2020,-0.06007,-0.01748,0.29454,-0.05933,-0.07554,-0.3161
70,ledoit_wolf,year_2022,-0.07006,-0.06024,0.15944,-0.37781,-0.52064,-0.21748
70,ledoit_wolf,calm_2023_26,0.34468,0.09015,0.10787,0.83578,1.22423,-0.09766
70,ans,covid_crash,-0.2985,-3.43532,0.72594,-4.73225,-5.23516,-0.30892
70,ans,year_2020,-0.07158,-0.03014,0.29359,-0.10267,-0.13178,-0.30892
70,ans,year_2022,-0.07447,-0.06513,0.15877,-0.41021,-0.56584,-0.21751
70,ans,calm_2023_26,0.3554,0.09241,0.10783,0.85702,1.25001,-0.09827
70,hrp,covid_crash,-0.31956,-3.74324,0.74089,-5.05237,-5.80491,-0.31848
70,hrp,year_2020,0.06049,0.10843,0.31509,0.34411,0.46877,-0.32128
70,hrp,year_2022,-0.12881,-0.12278,0.17705,-0.69348,-0.94802,-0.22269
70,hrp,calm_2023_26,0.40173,0.10193,0.10731,0.94986,1.37427,-0.11997
70,equal_weight,covid_crash,-0.34278,-4.07343,0.77877,-5.23058,-5.96699,-0.34376
70,equal_weight,year_2020,0.0438,0.10047,0.3388,0.29653,0.40298,-0.34516
70,equal_weight,year_2022,-0.14755,-0.13866,0.20806,-0.66643,-0.91908,-0.23634
70,equal_weight,calm_2023_26,0.50219,0.12343,0.12283,1.00486,1.45068,-0.15552
