N,method,vs,stat,observed,ci_lo,ci_hi,p_onesided
30,DG-GMV,gerber_c0.5,dSharpe,0.078,-0.0245,0.1675,0.0675
30,DG-GMV,gerber_c0.5,dSortino,0.105,-0.0274,0.2258,0.0545
30,DG-GMV,ledoit_wolf,dSharpe,0.0118,-0.1399,0.179,0.431
30,DG-GMV,ledoit_wolf,dSortino,-0.0027,-0.2156,0.2121,0.514
30,DG-GMV,ans,dSharpe,0.0328,-0.1274,0.2204,0.3335
30,DG-GMV,ans,dSortino,0.0163,-0.2104,0.2558,0.431
30,DG-HRP,hrp,dSharpe,0.0217,-0.0216,0.0657,0.1655
30,DG-HRP,hrp,dSortino,0.027,-0.0246,0.0836,0.154
30,DG-HRP,equal_weight,dSharpe,0.0215,-0.1524,0.1887,0.3845
30,DG-HRP,equal_weight,dSortino,0.0245,-0.1849,0.2435,0.373
50,DG-GMV,gerber_c0.5,dSharpe,0.096,-0.0567,0.2343,0.1105
50,DG-GMV,gerber_c0.5,dSortino,0.1348,-0.0624,0.3108,0.091
50,DG-GMV,ledoit_wolf,dSharpe,0.141,-0.0431,0.3519,0.078
50,DG-GMV,ledoit_wolf,dSortino,0.1732,-0.0775,0.4473,0.0915
50,DG-GMV,ans,dSharpe,0.1394,-0.0607,0.359,0.0995
50,DG-GMV,ans,dSortino,0.1689,-0.1052,0.4609,0.1105
50,DG-HRP,hrp,dSharpe,-0.0128,-0.0607,0.0309,0.746
50,DG-HRP,hrp,dSortino,-0.011,-0.0712,0.0427,0.6975
50,DG-HRP,equal_weight,dSharpe,-0.0056,-0.1838,0.1643,0.503
50,DG-HRP,equal_weight,dSortino,-0.0086,-0.2192,0.2089,0.501
70,DG-GMV,gerber_c0.5,dSharpe,0.0516,-0.1065,0.1906,0.2465
70,DG-GMV,gerber_c0.5,dSortino,0.0718,-0.1203,0.2538,0.2085
70,DG-GMV,ledoit_wolf,dSharpe,0.0926,-0.1075,0.2967,0.1805
70,DG-GMV,ledoit_wolf,dSortino,0.1214,-0.1505,0.3754,0.175
70,DG-GMV,ans,dSharpe,0.0949,-0.1041,0.2958,0.172
70,DG-GMV,ans,dSortino,0.119,-0.1469,0.3792,0.173
70,DG-HRP,hrp,dSharpe,0.0054,-0.0338,0.0491,0.402
70,DG-HRP,hrp,dSortino,0.0096,-0.0356,0.0657,0.3455
70,DG-HRP,equal_weight,dSharpe,0.0215,-0.1361,0.1835,0.358
70,DG-HRP,equal_weight,dSortino,0.0249,-0.1553,0.2453,0.3465
