N,rule,ann_ret_net,ann_vol_net,sharpe_net,sortino_net,max_drawdown
20,hrp_gerber_c0.25,0.13452,0.1591,0.84552,1.19661,-0.31979
20,equal_weight,0.15434,0.17873,0.86354,1.21911,-0.3408
20,hrp_gerber_c2.0,0.14221,0.16091,0.88377,1.25072,-0.32473
20,hrp_gerber_c1.75,0.14134,0.16047,0.88078,1.24786,-0.3196
20,hrp_gerber_c1.5,0.14429,0.16003,0.90166,1.27992,-0.32066
20,hrp_sample,0.14503,0.16117,0.89987,1.27406,-0.32043
20,hrp_gerber_c1.0,0.144,0.15874,0.90711,1.28832,-0.31106
20,hrp_gerber_c0.75,0.13904,0.15876,0.87578,1.24137,-0.31399
20,hrp_gerber_c0.5,0.13763,0.15996,0.86042,1.2179,-0.32617
20,hrp_gerber_c1.25,0.14076,0.1592,0.88413,1.2526,-0.31527
30,hrp_sample,0.11032,0.15313,0.72045,1.00989,-0.31616
30,hrp_gerber_c0.75,0.11108,0.15369,0.72276,1.01368,-0.3252
30,hrp_gerber_c1.0,0.11398,0.15278,0.74603,1.04735,-0.31892
30,hrp_gerber_c1.25,0.11461,0.15279,0.75014,1.05269,-0.32086
30,hrp_gerber_c1.5,0.11857,0.15319,0.77403,1.0882,-0.32101
30,hrp_gerber_c1.75,0.11617,0.15375,0.75558,1.06107,-0.32229
30,hrp_gerber_c2.0,0.11567,0.15497,0.74641,1.04553,-0.33042
30,equal_weight,0.12524,0.17367,0.72114,1.00681,-0.34859
30,hrp_gerber_c0.25,0.11071,0.15352,0.72115,1.01014,-0.3257
30,hrp_gerber_c0.5,0.11082,0.15372,0.72092,1.01023,-0.32425
40,equal_weight,0.11101,0.16905,0.65666,0.91677,-0.34758
40,hrp_gerber_c2.0,0.10395,0.15131,0.68699,0.96191,-0.31806
40,hrp_gerber_c1.75,0.10385,0.15196,0.68344,0.9559,-0.32675
40,hrp_gerber_c1.5,0.10355,0.15134,0.68423,0.95846,-0.32274
40,hrp_gerber_c1.0,0.10077,0.15092,0.66771,0.93298,-0.32926
40,hrp_gerber_c0.75,0.09868,0.15109,0.65307,0.91143,-0.32697
40,hrp_gerber_c0.5,0.09437,0.15117,0.62428,0.87206,-0.3265
40,hrp_gerber_c0.25,0.09512,0.15217,0.62506,0.87048,-0.3324
40,hrp_sample,0.09586,0.15091,0.63519,0.88516,-0.32121
40,hrp_gerber_c1.25,0.10092,0.15074,0.66954,0.93791,-0.31881
50,equal_weight,0.1044,0.16818,0.62074,0.86691,-0.34339
50,hrp_sample,0.09519,0.15169,0.62752,0.87713,-0.31643
50,hrp_gerber_c2.0,0.09678,0.15183,0.6374,0.89229,-0.31419
50,hrp_gerber_c1.75,0.09759,0.15193,0.64233,0.89872,-0.32173
50,hrp_gerber_c1.5,0.09598,0.15137,0.6341,0.88739,-0.31663
50,hrp_gerber_c1.25,0.09757,0.1512,0.6453,0.90461,-0.31907
50,hrp_gerber_c1.0,0.09551,0.15188,0.62885,0.87882,-0.32633
50,hrp_gerber_c0.75,0.09167,0.15186,0.60361,0.84225,-0.32479
50,hrp_gerber_c0.5,0.09239,0.15101,0.61184,0.85458,-0.32231
50,hrp_gerber_c0.25,0.08575,0.15147,0.56611,0.78929,-0.32115
70,equal_weight,0.10359,0.16576,0.62491,0.86608,-0.34516
70,hrp_sample,0.09547,0.14906,0.64048,0.88694,-0.32128
70,hrp_gerber_c2.0,0.09678,0.14934,0.64806,0.89826,-0.32405
70,hrp_gerber_c1.75,0.09489,0.15031,0.63133,0.87413,-0.33008
70,hrp_gerber_c1.5,0.09751,0.14975,0.65116,0.90282,-0.32731
70,hrp_gerber_c1.0,0.09321,0.14935,0.62411,0.86495,-0.32562
70,hrp_gerber_c0.75,0.09318,0.14892,0.62572,0.86665,-0.32591
70,hrp_gerber_c0.5,0.09551,0.1493,0.63973,0.88612,-0.3315
70,hrp_gerber_c0.25,0.09452,0.14911,0.63387,0.8783,-0.3266
70,hrp_gerber_c1.25,0.09707,0.1497,0.64843,0.89806,-0.32955
100,hrp_sample,0.09209,0.1517,0.60701,0.84017,-0.3304
100,hrp_gerber_c0.25,0.08731,0.15222,0.57356,0.79422,-0.33249
100,hrp_gerber_c0.5,0.0876,0.1524,0.57482,0.79322,-0.33903
100,hrp_gerber_c0.75,0.08744,0.15186,0.57578,0.79491,-0.33728
100,hrp_gerber_c1.0,0.09041,0.1518,0.5956,0.82348,-0.33751
100,hrp_gerber_c1.25,0.08888,0.15159,0.58629,0.80867,-0.33412
100,hrp_gerber_c1.5,0.09037,0.15142,0.59681,0.82401,-0.33034
100,hrp_gerber_c1.75,0.09237,0.15222,0.60683,0.8376,-0.33575
100,hrp_gerber_c2.0,0.0928,0.15177,0.61141,0.84494,-0.33209
100,equal_weight,0.10028,0.1696,0.59126,0.8184,-0.35461
