universe,method,ann_ret_net,ann_vol_net,sharpe_net,sortino_net,max_drawdown,avg_turnover
mix30,tglobal,0.02679,0.04132,0.6484,0.89162,-0.13553,0.2207
mix30,tgroup,0.02734,0.04191,0.65247,0.8943,-0.13915,0.21306
mix30,tglobal_shrink,0.02423,0.03966,0.61091,0.86239,-0.13312,0.2636
mix30,tgroup_shrink,0.0287,0.03921,0.73201,1.03673,-0.12344,0.23849
mix30,gerber_c0.5,0.02988,0.0431,0.69318,0.95395,-0.14043,0.19264
mix30,g2_0.25_0.25,0.02585,0.04181,0.61812,0.8449,-0.13719,0.21002
mix30,g2_0.25_0.5,0.02809,0.04362,0.64412,0.88087,-0.14081,0.19589
mix30,g2_0.25_1.0,0.03102,0.04756,0.65215,0.89779,-0.14807,0.17673
mix30,g2_0.25_1.5,0.0329,0.05059,0.65048,0.89615,-0.16102,0.16804
mix30,g2_0.5_0.25,0.02725,0.04174,0.65292,0.89629,-0.1379,0.19523
mix30,g2_0.5_0.5,0.02988,0.0431,0.69318,0.95395,-0.14043,0.19264
mix30,g2_0.5_1.0,0.02912,0.04739,0.61455,0.84561,-0.14895,0.18096
mix30,g2_0.5_1.5,0.03208,0.05041,0.63643,0.87656,-0.15869,0.17346
mix30,g2_1.0_0.25,0.03311,0.04352,0.76083,1.04869,-0.12899,0.176
mix30,g2_1.0_0.5,0.03443,0.04463,0.77135,1.0673,-0.13053,0.17844
mix30,g2_1.0_1.0,0.0315,0.04816,0.65411,0.89994,-0.14416,0.19096
mix30,g2_1.0_1.5,0.03045,0.05021,0.60646,0.83529,-0.15412,0.19276
mix30,g2_1.5_0.25,0.03789,0.04628,0.81872,1.13031,-0.1363,0.17047
mix30,g2_1.5_0.5,0.03995,0.04705,0.84916,1.1769,-0.13555,0.17258
mix30,g2_1.5_1.0,0.03828,0.05005,0.7648,1.06278,-0.14277,0.19127
mix30,g2_1.5_1.5,0.03561,0.051,0.6982,0.96806,-0.16023,0.21557
mix30,ledoit_wolf,0.03969,0.05382,0.73738,1.02516,-0.18164,0.31413
mix30,ans,0.02432,0.04023,0.60459,0.85465,-0.13932,0.32466
mix30,hrp,0.04759,0.0645,0.73782,1.02496,-0.1802,0.23474
mix30,equal_weight,0.11016,0.15291,0.72042,1.00177,-0.31645,0.07125
mix50,tglobal,0.0246,0.0419,0.58712,0.80074,-0.13128,0.31327
mix50,tgroup,0.02733,0.04209,0.64915,0.88294,-0.1305,0.28862
mix50,tglobal_shrink,0.02541,0.03994,0.63618,0.89985,-0.12371,0.34917
mix50,tgroup_shrink,0.02723,0.03907,0.69711,0.98542,-0.12088,0.29615
mix50,gerber_c0.5,0.03115,0.044,0.70799,0.96822,-0.14193,0.25383
mix50,g2_0.25_0.25,0.02491,0.04275,0.58258,0.79052,-0.13357,0.28341
mix50,g2_0.25_0.5,0.02794,0.04447,0.62841,0.85553,-0.13881,0.26357
mix50,g2_0.25_1.0,0.03068,0.04799,0.63943,0.87974,-0.14274,0.2363
mix50,g2_0.25_1.5,0.02963,0.05086,0.58267,0.79769,-0.15914,0.21912
mix50,g2_0.5_0.25,0.02717,0.04229,0.64247,0.87523,-0.13742,0.25707
mix50,g2_0.5_0.5,0.03115,0.044,0.70799,0.96822,-0.14193,0.25383
mix50,g2_0.5_1.0,0.03032,0.04797,0.63206,0.8682,-0.14527,0.23721
mix50,g2_0.5_1.5,0.0306,0.05081,0.60224,0.82515,-0.15575,0.21809
mix50,g2_1.0_0.25,0.0321,0.04418,0.72646,0.99985,-0.12401,0.22374
mix50,g2_1.0_0.5,0.03348,0.04521,0.74051,1.02225,-0.1243,0.22946
mix50,g2_1.0_1.0,0.03136,0.0485,0.6466,0.88801,-0.13563,0.24331
mix50,g2_1.0_1.5,0.02951,0.05056,0.58378,0.80139,-0.14845,0.24268
mix50,g2_1.5_0.25,0.03616,0.04752,0.76085,1.0462,-0.13341,0.21785
mix50,g2_1.5_0.5,0.03904,0.04814,0.81097,1.11988,-0.13426,0.21966
mix50,g2_1.5_1.0,0.03776,0.05127,0.73652,1.02111,-0.14397,0.24503
mix50,g2_1.5_1.5,0.03493,0.05181,0.67413,0.93499,-0.16462,0.2713
mix50,ledoit_wolf,0.04377,0.05695,0.76856,1.06833,-0.16346,0.42498
mix50,ans,0.02464,0.04165,0.59172,0.83629,-0.12608,0.46117
mix50,hrp,0.04539,0.06968,0.65145,0.89771,-0.19692,0.23631
mix50,equal_weight,0.09777,0.1553,0.62955,0.87678,-0.32297,0.075
mix70,tglobal,0.02651,0.04249,0.62398,0.85237,-0.12785,0.38139
mix70,tgroup,0.02688,0.04233,0.63496,0.86586,-0.12668,0.31472
mix70,tglobal_shrink,0.02359,0.04122,0.57228,0.7875,-0.12606,0.40021
mix70,tgroup_shrink,0.02723,0.04002,0.68044,0.94593,-0.12001,0.33143
mix70,gerber_c0.5,0.0299,0.0446,0.67048,0.91044,-0.13807,0.30014
mix70,g2_0.25_0.25,0.02729,0.04308,0.63346,0.85953,-0.12425,0.34595
mix70,g2_0.25_0.5,0.0293,0.04493,0.65221,0.88471,-0.12863,0.32416
mix70,g2_0.25_1.0,0.03064,0.04914,0.62347,0.84853,-0.13705,0.28889
mix70,g2_0.25_1.5,0.03001,0.05196,0.57753,0.78651,-0.1575,0.2655
mix70,g2_0.5_0.25,0.02565,0.0426,0.60218,0.81638,-0.13492,0.30163
mix70,g2_0.5_0.5,0.0299,0.0446,0.67048,0.91044,-0.13807,0.30014
mix70,g2_0.5_1.0,0.03012,0.0488,0.61726,0.84177,-0.13929,0.28043
mix70,g2_0.5_1.5,0.03024,0.0515,0.58712,0.80116,-0.15517,0.25654
mix70,g2_1.0_0.25,0.03131,0.04472,0.70013,0.96059,-0.12376,0.26199
mix70,g2_1.0_0.5,0.03271,0.04594,0.71214,0.9792,-0.12703,0.27143
mix70,g2_1.0_1.0,0.0306,0.04927,0.62105,0.84602,-0.1376,0.28833
mix70,g2_1.0_1.5,0.03014,0.05129,0.58765,0.80432,-0.14716,0.28689
mix70,g2_1.5_0.25,0.03678,0.04886,0.75287,1.0338,-0.13567,0.25463
mix70,g2_1.5_0.5,0.0395,0.04951,0.79772,1.09743,-0.13637,0.25986
mix70,g2_1.5_1.0,0.03708,0.05275,0.70294,0.96306,-0.13989,0.28868
mix70,g2_1.5_1.5,0.03396,0.05255,0.64626,0.89113,-0.15476,0.31771
mix70,ledoit_wolf,0.04039,0.06021,0.67072,0.9115,-0.15902,0.53328
mix70,ans,0.02429,0.04416,0.54997,0.76301,-0.13468,0.5883
mix70,hrp,0.0471,0.07383,0.63794,0.87836,-0.19232,0.25791
mix70,equal_weight,0.09865,0.15647,0.63051,0.87245,-0.32981,0.06676
