universe,year,c,mean_corr
mix30,2017,0.2964,0.2812
mix30,2018,0.2557,0.2812
mix30,2019,0.1793,0.2812
mix30,2020,0.2093,0.2812
mix30,2021,0.2013,0.2812
mix30,2022,0.1879,0.2812
mix30,2023,0.1677,0.2812
mix30,2024,0.1982,0.2812
mix30,2025,0.2013,0.2812
mix30,2026,0.1975,0.2812
mix50,2017,0.3346,0.288
mix50,2018,0.4015,0.288
mix50,2019,0.2241,0.288
mix50,2020,0.1904,0.288
mix50,2021,0.1128,0.288
mix50,2022,0.1206,0.288
mix50,2023,0.1186,0.288
mix50,2024,0.1805,0.288
mix50,2025,0.1533,0.288
mix50,2026,0.1661,0.288
mix70,2017,0.4,0.2886
mix70,2018,0.4564,0.2886
mix70,2019,0.2789,0.2886
mix70,2020,0.2085,0.2886
mix70,2021,0.131,0.2886
mix70,2022,0.1389,0.2886
mix70,2023,0.1359,0.2886
mix70,2024,0.1904,0.2886
mix70,2025,0.1754,0.2886
mix70,2026,0.1762,0.2886
