universe,method,vs,dm,p
mix30,tglobal,gerber_c0.5,-1.758,0.08145
mix30,tglobal,ledoit_wolf,-4.944,0.0
mix30,tglobal,ans,0.527,0.59918
mix30,tglobal,hrp,-4.74,1e-05
mix30,tglobal,equal_weight,-3.151,0.00209
mix30,gerber_c0.5,equal_weight,-3.164,0.002
mix50,tglobal,gerber_c0.5,-1.799,0.07467
mix50,tglobal,ledoit_wolf,-5.069,0.0
mix50,tglobal,ans,0.148,0.88233
mix50,tglobal,hrp,-4.584,1e-05
mix50,tglobal,equal_weight,-2.877,0.00479
mix50,gerber_c0.5,equal_weight,-2.888,0.00465
mix70,tglobal,gerber_c0.5,-1.239,0.21782
mix70,tglobal,ledoit_wolf,-3.762,0.00027
mix70,tglobal,ans,-0.513,0.60876
mix70,tglobal,hrp,-4.165,6e-05
mix70,tglobal,equal_weight,-2.807,0.00589
mix70,gerber_c0.5,equal_weight,-2.834,0.00544
