universe,arm,year,c_up,c_down
mix30,tasym,2017,0.267,0.8142
mix30,tasym,2018,0.1543,0.7297
mix30,tasym,2019,0.0858,0.7336
mix30,tasym,2020,0.0511,0.5693
mix30,tasym,2021,0.0339,0.6246
mix30,tasym,2022,0.0228,0.6155
mix30,tasym,2023,0.0139,0.6136
mix30,tasym,2024,0.01,0.6169
mix30,tasym,2025,0.0079,0.6108
mix30,tasym,2026,0.0064,0.6137
mix70,tasym,2017,0.2981,0.9242
mix70,tasym,2018,0.3214,1.2755
mix70,tasym,2019,0.2104,1.3634
mix70,tasym,2020,0.1464,1.2465
mix70,tasym,2021,0.1758,1.8567
mix70,tasym,2022,0.1801,2.0159
mix70,tasym,2023,0.1257,2.0415
mix70,tasym,2024,0.1895,2.0168
mix70,tasym,2025,0.1868,2.0649
mix70,tasym,2026,0.1917,2.0368
