N,module,year,c_up,delta
30,X1_turnpen,2017,0.8478,
30,X1_turnpen,2018,1.3021,
30,X1_turnpen,2019,1.7324,
30,X1_turnpen,2020,2.0277,
30,X1_turnpen,2021,2.1888,
30,X1_turnpen,2022,2.0786,
30,X1_turnpen,2023,2.0125,
30,X1_turnpen,2024,2.0103,
30,X1_turnpen,2025,2.0134,
30,X1_turnpen,2026,2.0109,
30,X2_shrink,2017,0.8878,0.6716
30,X2_shrink,2018,1.0726,0.7959
30,X2_shrink,2019,0.9309,0.6716
30,X2_shrink,2020,1.4172,0.711
30,X2_shrink,2021,1.1855,0.5401
30,X2_shrink,2022,1.146,0.5367
30,X2_shrink,2023,1.1077,0.4694
30,X2_shrink,2024,1.1556,0.5263
30,X2_shrink,2025,1.146,0.5323
30,X2_shrink,2026,1.1949,0.522
50,X1_turnpen,2017,0.9182,
50,X1_turnpen,2018,1.333,
50,X1_turnpen,2019,1.7037,
50,X1_turnpen,2020,2.01,
50,X1_turnpen,2021,2.1867,
50,X1_turnpen,2022,2.1984,
50,X1_turnpen,2023,2.1895,
50,X1_turnpen,2024,2.1932,
50,X1_turnpen,2025,2.1839,
50,X1_turnpen,2026,2.1896,
50,X2_shrink,2017,0.8834,0.6775
50,X2_shrink,2018,1.1204,0.8069
50,X2_shrink,2019,1.4266,0.7607
50,X2_shrink,2020,1.6881,0.7058
50,X2_shrink,2021,1.1675,0.5537
50,X2_shrink,2022,1.188,0.5622
50,X2_shrink,2023,1.3393,0.5734
50,X2_shrink,2024,1.2178,0.596
50,X2_shrink,2025,1.22,0.615
50,X2_shrink,2026,1.201,0.5962
100,X1_turnpen,2017,0.8353,
100,X1_turnpen,2018,1.2619,
100,X1_turnpen,2019,1.6727,
100,X1_turnpen,2020,2.0175,
100,X1_turnpen,2021,1.9107,
100,X1_turnpen,2022,2.0043,
100,X1_turnpen,2023,2.0041,
100,X1_turnpen,2024,2.009,
100,X1_turnpen,2025,2.0066,
100,X1_turnpen,2026,1.9928,
100,X2_shrink,2017,0.7975,0.6721
100,X2_shrink,2018,1.1217,0.8036
100,X2_shrink,2019,1.1135,0.7928
100,X2_shrink,2020,1.1395,0.8605
100,X2_shrink,2021,1.3258,0.784
100,X2_shrink,2022,1.6143,0.7477
100,X2_shrink,2023,2.0202,0.6969
100,X2_shrink,2024,2.0002,0.7097
100,X2_shrink,2025,2.0046,0.7003
100,X2_shrink,2026,2.0099,0.6747
