N,year,c_unsmoothed,c_smoothed
20,2017,0.8086,0.8086
20,2018,1.1114,0.827
20,2019,0.7378,0.8106
20,2020,0.7204,0.7941
20,2021,0.9995,0.9013
20,2022,1.2188,0.9257
20,2023,0.9822,0.928
20,2024,0.9876,0.9297
20,2025,0.9822,0.9303
20,2026,0.9756,0.9308
30,2017,0.8817,0.8817
30,2018,1.0245,0.9283
30,2019,0.9398,0.9364
30,2020,1.1029,0.9386
30,2021,1.1866,0.9939
30,2022,1.1834,1.0385
30,2023,1.0479,1.0427
30,2024,1.0413,1.0436
30,2025,1.0429,1.0436
30,2026,1.0383,1.0388
40,2017,0.8709,0.8709
40,2018,0.9537,0.9383
40,2019,0.9352,0.9383
40,2020,0.9574,0.9471
40,2021,1.1669,0.9936
40,2022,1.1825,1.0295
40,2023,1.1827,1.0362
40,2024,1.1875,1.0386
40,2025,1.1887,1.0351
40,2026,0.9967,1.0328
50,2017,0.871,0.871
50,2018,1.0594,0.9237
50,2019,0.9736,0.9318
50,2020,1.4441,0.9688
50,2021,1.2221,1.028
50,2022,1.2161,1.0437
50,2023,1.1917,1.0351
50,2024,1.1939,1.0322
50,2025,1.1859,1.0321
50,2026,1.2076,1.0371
70,2017,0.8648,0.8648
70,2018,1.0844,0.9636
70,2019,1.02,0.9716
70,2020,1.077,0.989
70,2021,1.232,1.0326
70,2022,1.2355,1.0269
70,2023,1.2205,1.0389
70,2024,1.2208,1.0331
70,2025,1.2192,1.0213
70,2026,1.2172,1.0369
100,2017,0.7718,0.7718
100,2018,1.0855,0.7485
100,2019,1.0849,0.7432
100,2020,1.1152,0.7046
100,2021,1.2902,0.7044
100,2022,1.2871,0.7028
100,2023,1.2617,0.709
100,2024,1.2611,0.7035
100,2025,1.2584,0.7042
100,2026,1.2624,0.7154
