universe,c_up,c_down,kind,ann_ret_net,ann_vol_net,sharpe_net,sortino_net,max_drawdown,avg_turnover
top100,0.5,0.5,grid,0.06138,0.14041,0.43714,0.60736,-0.29518,0.87224
top100,0.5,0.75,grid,0.05866,0.1391,0.42173,0.58895,-0.28069,0.86989
top100,0.5,1.0,grid,0.05656,0.13963,0.40509,0.56672,-0.28201,0.87224
top100,0.5,1.25,grid,0.05864,0.14049,0.41741,0.58701,-0.28133,0.89711
top100,0.5,1.5,grid,0.06648,0.14181,0.46878,0.66141,-0.28412,0.9204
top100,0.75,0.5,grid,0.07221,0.14056,0.51375,0.71598,-0.30397,0.83256
top100,0.75,0.75,grid,0.06599,0.13883,0.47534,0.66127,-0.29898,0.796
top100,0.75,1.0,grid,0.06525,0.13829,0.4718,0.65644,-0.29463,0.77654
top100,0.75,1.25,grid,0.06448,0.13859,0.46524,0.64973,-0.29218,0.78775
top100,0.75,1.5,grid,0.07535,0.13924,0.54115,0.7585,-0.28988,0.8039
top100,1.0,0.5,grid,0.07851,0.14032,0.5595,0.78811,-0.29354,0.84484
top100,1.0,0.75,grid,0.07772,0.13855,0.56097,0.78694,-0.29919,0.78489
top100,1.0,1.0,grid,0.07512,0.13724,0.54733,0.76759,-0.28615,0.75627
top100,1.0,1.25,grid,0.0707,0.13749,0.51423,0.72081,-0.28457,0.75456
top100,1.0,1.5,grid,0.07865,0.13872,0.56695,0.79816,-0.28374,0.76696
top100,1.25,0.5,grid,0.08122,0.14174,0.57303,0.80886,-0.29982,0.88111
top100,1.25,0.75,grid,0.07849,0.13932,0.56338,0.79219,-0.30256,0.80753
top100,1.25,1.0,grid,0.07586,0.13882,0.54648,0.76688,-0.30103,0.75891
top100,1.25,1.25,grid,0.07151,0.13852,0.51624,0.72224,-0.29958,0.73508
top100,1.25,1.5,grid,0.07632,0.13947,0.54722,0.76948,-0.29556,0.74672
top100,1.5,0.5,grid,0.08238,0.14333,0.57477,0.81536,-0.2941,0.92131
top100,1.5,0.75,grid,0.0792,0.13992,0.56604,0.79999,-0.29282,0.84852
top100,1.5,1.0,grid,0.0806,0.13943,0.57806,0.81704,-0.29468,0.7917
top100,1.5,1.25,grid,0.07384,0.13913,0.5307,0.74457,-0.29559,0.75686
top100,1.5,1.5,grid,0.07803,0.13992,0.5577,0.78329,-0.29135,0.765
top100,,,learned,0.06701,0.13945,0.48051,0.6752,-0.3011,0.79285
top100,1.0,1.0,expost_best_vs_learned,,0.13724,2.571,0.01145,,
sector100,0.5,0.5,grid,0.05315,0.13842,0.384,0.51981,-0.3264,0.88644
sector100,0.5,0.75,grid,0.05434,0.13683,0.39715,0.5398,-0.31209,0.87542
sector100,0.5,1.0,grid,0.05106,0.13835,0.36903,0.50131,-0.32185,0.89601
sector100,0.5,1.25,grid,0.05315,0.13909,0.38214,0.52069,-0.31528,0.92353
sector100,0.5,1.5,grid,0.06217,0.14019,0.44343,0.60713,-0.31015,0.94284
sector100,0.75,0.5,grid,0.0622,0.13885,0.44792,0.60809,-0.33412,0.84702
sector100,0.75,0.75,grid,0.05301,0.13838,0.38309,0.51723,-0.33513,0.80521
sector100,0.75,1.0,grid,0.05002,0.13846,0.36127,0.48671,-0.34033,0.79434
sector100,0.75,1.25,grid,0.04727,0.1391,0.33984,0.45762,-0.33763,0.81085
sector100,0.75,1.5,grid,0.05433,0.13972,0.38887,0.52666,-0.33149,0.83021
sector100,1.0,0.5,grid,0.06275,0.13906,0.45122,0.61977,-0.32944,0.86372
sector100,1.0,0.75,grid,0.0579,0.13869,0.41748,0.5701,-0.33802,0.79447
sector100,1.0,1.0,grid,0.05474,0.13785,0.39707,0.54007,-0.33506,0.77018
sector100,1.0,1.25,grid,0.0514,0.1377,0.37329,0.5061,-0.32722,0.76377
sector100,1.0,1.5,grid,0.05892,0.1378,0.42757,0.58223,-0.31923,0.77895
sector100,1.25,0.5,grid,0.06153,0.14014,0.43909,0.60451,-0.33267,0.90037
sector100,1.25,0.75,grid,0.05847,0.13909,0.42035,0.57662,-0.33548,0.81067
sector100,1.25,1.0,grid,0.05463,0.14654,0.37277,0.51809,-0.33639,0.81248
sector100,1.25,1.25,grid,0.05786,0.13691,0.42264,0.57821,-0.32624,0.75006
sector100,1.25,1.5,grid,0.0629,0.13794,0.45597,0.62461,-0.3242,0.75528
sector100,1.5,0.5,grid,0.06513,0.14232,0.45765,0.63355,-0.32522,0.93765
sector100,1.5,0.75,grid,0.0622,0.14061,0.44236,0.60936,-0.33232,0.85387
sector100,1.5,1.0,grid,0.06203,0.13943,0.44489,0.6096,-0.33943,0.79795
sector100,1.5,1.25,grid,0.05843,0.13795,0.42355,0.57846,-0.32446,0.76826
sector100,1.5,1.5,grid,0.06667,0.1383,0.48207,0.66175,-0.31864,0.75913
sector100,,,learned,0.05343,0.13813,0.3868,0.52404,-0.3281,0.76415
sector100,0.5,0.75,expost_best_vs_learned,,0.13683,1.271,0.20639,,
