N,module,year,c_up,c_down
30,tglobal,2017,0.8817,
30,tglobal,2018,1.0245,
30,tglobal,2019,0.9398,
30,tglobal,2020,1.1029,
30,tglobal,2021,1.1866,
30,tglobal,2022,1.1834,
30,tglobal,2023,1.0268,
30,tglobal,2024,1.0397,
30,tglobal,2025,1.0461,
30,tglobal,2026,1.0397,
30,tasym,2017,0.8718,0.8777
30,tasym,2018,0.9574,1.0437
30,tasym,2019,0.7917,1.3502
30,tasym,2020,0.9287,1.6867
30,tasym,2021,0.6689,1.5285
30,tasym,2022,0.4033,1.5106
30,tasym,2023,0.4359,1.5272
30,tasym,2024,0.4431,1.5177
30,tasym,2025,0.4417,1.0776
30,tasym,2026,0.4333,1.0394
50,tglobal,2017,0.871,
50,tglobal,2018,1.0594,
50,tglobal,2019,0.9736,
50,tglobal,2020,1.4441,
50,tglobal,2021,1.2221,
50,tglobal,2022,1.2161,
50,tglobal,2023,1.1917,
50,tglobal,2024,1.1927,
50,tglobal,2025,1.1974,
50,tglobal,2026,1.2058,
50,tasym,2017,0.8421,0.8796
50,tasym,2018,0.9733,1.2648
50,tasym,2019,0.7796,1.3479
50,tasym,2020,1.029,1.6959
50,tasym,2021,0.6947,1.5562
50,tasym,2022,1.0391,1.5857
50,tasym,2023,0.6993,1.6445
50,tasym,2024,0.7866,1.61
50,tasym,2025,0.9948,1.6195
50,tasym,2026,1.0324,1.3912
100,tglobal,2017,0.7718,
100,tglobal,2018,1.0855,
100,tglobal,2019,1.0849,
100,tglobal,2020,1.1152,
100,tglobal,2021,1.2902,
100,tglobal,2022,1.2871,
100,tglobal,2023,1.2617,
100,tglobal,2024,1.2611,
100,tglobal,2025,1.2627,
100,tglobal,2026,1.2574,
100,tasym,2017,0.6517,0.8414
100,tasym,2018,1.0168,1.2552
100,tasym,2019,0.9837,1.2513
100,tasym,2020,0.9691,1.2666
100,tasym,2021,1.2513,1.3874
100,tasym,2022,1.2513,1.3867
100,tasym,2023,1.2439,1.3018
100,tasym,2024,1.2476,1.3997
100,tasym,2025,1.2465,1.2841
100,tasym,2026,1.2602,1.2851
