N,c,ann_ret_net,ann_vol_net,sharpe_net,sortino_net,max_drawdown
30,0.25,0.09299,0.14459,0.6431,0.90318,-0.31887
30,0.5,0.09029,0.14428,0.62581,0.87531,-0.32497
30,0.75,0.0914,0.14444,0.63282,0.88602,-0.32222
30,1.0,0.10169,0.14302,0.711,1.00177,-0.30774
30,1.25,0.1042,0.14424,0.7224,1.02192,-0.31157
30,1.5,0.10822,0.14457,0.74859,1.06025,-0.31229
30,1.75,0.09884,0.14468,0.6832,0.96411,-0.31619
30,2.0,0.1056,0.14661,0.72032,1.01658,-0.31831
30,2.5,0.05753,0.22145,0.25979,0.39014,-0.58225
30,3.0,-0.00201,0.43348,-0.00464,-0.00636,-0.86742
70,0.25,0.0646,0.13954,0.46294,0.63071,-0.32834
70,0.5,0.06391,0.13858,0.46117,0.62715,-0.32898
70,0.75,0.06186,0.13894,0.44525,0.60723,-0.33038
70,1.0,0.07337,0.13737,0.53413,0.7356,-0.31576
70,1.25,0.0696,0.1375,0.50623,0.69949,-0.30965
70,1.5,0.07768,0.1395,0.55682,0.77087,-0.30721
70,1.75,0.06532,0.14171,0.46093,0.6258,-0.33544
70,2.0,0.07334,0.1409,0.52051,0.71945,-0.31689
70,2.5,0.02863,0.21718,0.13184,0.19378,-0.51003
70,3.0,-0.06855,0.36384,-0.18842,-0.24734,-0.87458
