N,method,vs,dm,p
30,tglobal,gerber_c0.5,-0.463,0.64404
30,tglobal,ans,-0.742,0.45969
30,tglobal,ledoit_wolf,-0.465,0.64263
30,tasym,gerber_c0.5,-0.038,0.96994
30,tasym,ans,-0.321,0.74894
30,tasym,ledoit_wolf,-0.006,0.99489
50,tglobal,gerber_c0.5,-0.567,0.57203
50,tglobal,ans,-1.621,0.10774
50,tglobal,ledoit_wolf,-1.252,0.21326
50,tasym,gerber_c0.5,-0.397,0.69224
50,tasym,ans,-1.33,0.18629
50,tasym,ledoit_wolf,-1.057,0.29256
100,tglobal,gerber_c0.5,0.994,0.32249
100,tglobal,ans,0.345,0.73083
100,tglobal,ledoit_wolf,-0.258,0.79672
100,tasym,gerber_c0.5,-0.202,0.84022
100,tasym,ans,-3.216,0.00169
100,tasym,ledoit_wolf,-2.492,0.01414
