N,rule,c,ann_ret_net,ann_vol_net,sharpe_net,max_drawdown
30,fixed_c=0.25,0.25,0.09299,0.14459,0.6431,-0.31887
30,fixed_c=0.5,0.5,0.09029,0.14428,0.62581,-0.32497
30,fixed_c=0.75,0.75,0.0914,0.14444,0.63282,-0.32222
30,fixed_c=1.0,1.0,0.10169,0.14302,0.711,-0.30774
30,fixed_c=1.25,1.25,0.1042,0.14424,0.7224,-0.31157
30,fixed_c=1.5,1.5,0.10822,0.14457,0.74859,-0.31229
30,fixed_c=1.75,1.75,0.09884,0.14468,0.6832,-0.31619
30,fixed_c=2.0,2.0,0.1056,0.14661,0.72032,-0.31831
30,learned,,0.10099,0.14331,0.70471,-0.30975
50,fixed_c=0.25,0.25,0.05963,0.14403,0.41401,-0.32091
50,fixed_c=0.5,0.5,0.06344,0.14269,0.4446,-0.32654
50,fixed_c=0.75,0.75,0.06497,0.14282,0.45487,-0.3252
50,fixed_c=1.0,1.0,0.0772,0.14045,0.54967,-0.3091
50,fixed_c=1.25,1.25,0.07708,0.14159,0.5444,-0.30974
50,fixed_c=1.5,1.5,0.086,0.14246,0.60367,-0.29865
50,fixed_c=1.75,1.75,0.07,0.14297,0.48965,-0.3125
50,fixed_c=2.0,2.0,0.06968,0.14348,0.48562,-0.31324
50,learned,,0.07653,0.14143,0.5411,-0.30187
100,fixed_c=0.25,0.25,0.04264,0.13847,0.30791,-0.31745
100,fixed_c=0.5,0.5,0.05315,0.13842,0.384,-0.3264
100,fixed_c=0.75,0.75,0.05301,0.13838,0.38309,-0.33513
100,fixed_c=1.0,1.0,0.05474,0.13785,0.39707,-0.33506
100,fixed_c=1.25,1.25,0.05786,0.13691,0.42264,-0.32624
100,fixed_c=1.5,1.5,0.06667,0.1383,0.48207,-0.31864
100,fixed_c=1.75,1.75,0.05524,0.13936,0.39639,-0.32674
100,fixed_c=2.0,2.0,0.06466,0.13818,0.46797,-0.29593
100,learned,,0.05006,0.14692,0.34076,-0.33711
