method,vs_c,dm,p
learned,0.25,-1.581,0.11663
learned,0.5,-0.997,0.32096
learned,0.75,-0.612,0.54192
learned,1.0,0.546,0.586
learned,1.25,-1.035,0.30274
learned,1.5,-1.263,0.20901
learned,1.75,-1.826,0.07048
learned,2.0,-3.07,0.00268
learned,2.25,-2.386,0.01869
val_select,0.25,-0.814,0.41742
val_select,0.5,-0.833,0.40639
val_select,0.75,1.638,0.10411
val_select,1.0,0.813,0.41778
val_select,1.25,-0.195,0.84588
val_select,1.5,-0.447,0.65539
val_select,1.75,-0.834,0.4063
val_select,2.0,-1.365,0.17502
val_select,2.25,-2.162,0.03275
