universe,year,c_up,delta
top100,2017,0.9063,0.6841
top100,2018,1.0289,0.811
top100,2019,1.6053,0.8624
top100,2020,1.7469,0.738
top100,2021,1.6788,0.7424
top100,2022,1.6292,0.8342
top100,2023,1.636,0.7372
top100,2024,1.6357,0.7388
top100,2025,1.6379,0.7422
top100,2026,1.6286,0.7081
top400,2017,0.7286,0.6577
top400,2018,1.1145,0.7947
top400,2019,1.6706,0.8706
top400,2020,2.2299,0.7834
top400,2021,2.1653,0.6358
top400,2022,2.1583,0.5701
top400,2023,2.1602,0.5513
top400,2024,2.1647,0.5621
top400,2025,2.1643,0.5789
top400,2026,2.1595,0.584
