date,c_asof,c_window_mean,vix
2017-01-04,1.1405241170364648,1.1431999936288055,11.85
2017-02-03,1.2370621563503266,1.1259643220688589,10.97
2017-03-07,1.0383894301634025,1.1135313699100917,11.45
2017-04-05,1.1960910550448212,1.120268131127366,12.89
2017-05-05,1.4747595724196791,1.1258122955160645,10.57
2017-06-06,1.0589866757492192,1.1357751222023256,10.45
2017-07-06,1.4271071375866757,1.1446214984517857,12.54
2017-08-04,1.3400036562583855,1.160278116672397,10.03
2017-09-05,1.1581659050628834,1.18325451111451,12.23
2017-10-04,1.1303984314329296,1.2015400660325446,9.63
2017-11-02,1.5171755373793374,1.215773504841315,9.93
2017-12-04,1.3772611196541658,1.233532037370766,11.68
2018-01-04,1.2523476255739767,1.194076870471635,9.22
2018-02-05,1.624528607073799,1.2191161417862633,37.32
2018-03-07,1.3057359549644303,1.255787577399561,17.76
2018-04-06,1.1763702040389097,1.270589027643954,21.49
2018-05-07,1.3586691583359336,1.27848066455893,14.75
2018-06-06,1.504952363876514,1.2828817836919042,11.64
2018-07-06,1.091521219278637,1.2868710280567466,13.37
2018-08-06,1.1841827249383612,1.2955466848917874,11.27
2018-09-05,1.3282685524017712,1.3003935652829048,13.91
2018-10-04,1.1986636807904474,1.303754676770632,14.22
2018-11-02,1.6030069936406504,1.3284024326776493,19.51
2018-12-04,1.49843209742489,1.333135586364056,20.74
2019-01-07,1.3642083878772007,0.8629483149079407,21.4
2019-02-06,0.820590403797059,0.9028472709971362,15.38
2019-03-08,0.8298330470760497,0.871178462019768,16.05
2019-04-08,0.7440061731439308,0.856130479095788,13.18
2019-05-08,0.9623319577135553,0.8466169413235212,19.4
2019-06-07,0.8054613685810872,0.8602974754864655,16.3
2019-07-09,0.7104851491801607,0.8667394480936629,14.09
2019-08-07,1.0035044188989386,0.8775715253401588,19.49
2019-09-06,0.8260180085779202,0.9054936398138743,15.0
2019-10-07,0.8300216051003788,0.9224997249848992,17.86
2019-11-05,0.6797682379619261,0.901652358466452,13.1
2019-12-05,0.7313231953552354,0.880419296674828,14.52
2020-01-07,0.6905976566764133,0.8125341539386393,13.79
2020-02-06,0.7379976246613528,0.7819942518316138,14.96
2020-03-09,2.862831553608224,0.8448808168977332,54.46
2020-04-07,2.955757963565642,1.0309607005420764,46.7
2020-05-07,2.860039163840485,1.2107562616585272,31.44
2020-06-08,2.6350123507824295,1.3652078888816033,25.81
2020-07-08,2.6587353813136643,1.5309321722142433,28.08
2020-08-06,2.4231723119589885,1.6781430126262955,22.65
2020-09-04,2.899721349826595,1.7816176033061066,30.75
2020-10-06,2.568106153141654,1.9250051450903205,29.48
2020-11-04,2.813701911181715,2.074166912594827,29.57
2020-12-04,1.95248537485488,2.202740784029177,20.79
2021-01-06,1.4772722663519977,1.4238805847746456,25.07
2021-02-05,1.608184786122651,1.4715128583983568,20.87
2021-03-09,1.43371696512503,1.52341714811117,24.03
2021-04-08,1.6762952644695555,1.5681557623307631,16.95
2021-05-07,1.6941835277024433,1.5997403281585663,16.69
2021-06-08,1.682370684350248,1.6050076460189346,17.07
2021-07-08,1.6548838853419228,1.6208814453257692,19.0
2021-08-06,1.4523546756523913,1.6176506314228993,16.15
2021-09-07,1.588303721313312,1.6106876988605703,18.14
2021-10-06,1.597580694636404,1.6085266224060573,21.0
2021-11-04,1.1704362939365713,1.6082344563757878,15.44
2021-12-06,1.1413656726117059,1.5787677840363712,27.18
2022-01-05,1.3617923333654829,1.6336133254686342,19.73
2022-02-04,1.6252780027579214,1.6130162504219763,23.22
2022-03-08,1.8235713555577,1.6030357360517593,35.13
2022-04-06,1.6966941160185287,1.5985966722221427,22.1
2022-05-06,1.796277088800224,1.595900666891261,30.19
2022-06-07,1.4959759506464414,1.5995041030714103,24.02
2022-07-08,1.666438760628067,1.608733203539059,24.64
2022-08-08,1.800057858890066,1.6125724346310029,21.29
2022-09-07,1.802518302740192,1.6146702586247774,24.64
2022-10-06,1.4872380964001741,1.6144548468104478,30.52
2022-11-04,1.873118455270176,1.6293616918889913,24.55
2022-12-06,1.693561850266695,1.6586725214437268,22.17
2023-01-06,1.1089144930973276,1.102451639213153,21.13
2023-02-07,1.297183320818566,1.1046016039046394,18.66
2023-03-09,1.3582749952677682,1.1160351586144477,22.61
2023-04-10,1.39276885198445,1.1182696001452217,18.97
2023-05-09,1.4208039280974116,1.1478302346028761,17.71
2023-06-08,1.622470829389995,1.1890270442834536,13.65
2023-07-11,1.6697703725094248,1.240820138291245,14.84
2023-08-09,1.4308311108408764,1.2776893916235805,15.96
2023-09-08,1.407963315913587,1.3156002381627319,13.84
2023-10-09,1.656053132236906,1.364325310932997,17.7
2023-11-07,1.20679273962429,1.3884689533477819,14.81
2023-12-07,1.1001787930272904,1.4180740297314514,13.06
2024-01-09,1.063029549009751,1.3927911731486617,12.76
2024-02-08,0.8248261780154538,1.3728639642681064,12.79
2024-03-11,1.0108890745679808,1.3410637943756618,15.22
2024-04-10,0.809660955970053,1.3137088165670066,15.8
2024-05-09,0.7584267285157662,1.2627949691698404,12.69
2024-06-10,0.7046549064778117,1.1817858111933282,12.74
2024-07-11,0.6455734482321228,1.0870148587087032,12.92
2024-08-09,1.088022323326704,1.038590803167689,20.37
2024-09-10,1.5271037782118326,1.0102715464941965,19.08
2024-10-09,1.0800600806404672,0.9722187861059064,20.86
2024-11-07,0.9089590935801082,0.963661312518323,15.2
2024-12-09,0.7090124846985106,0.9288173443154198,14.19
2025-01-10,0.926347943697456,0.9891948109484174,19.54
2025-02-11,0.9259858447505748,0.9773175377479594,16.02
2025-03-13,1.0693601365928864,0.9761971130321482,24.66
2025-04-11,1.7329170877461326,1.0025199394095095,37.56
2025-05-13,1.7236330023967914,1.014029438334308,18.22
2025-06-12,1.8507258582652952,1.07326969574392,18.02
2025-07-15,1.9879131234946499,1.1523148994052725,17.38
2025-08-13,1.7226877686662654,1.2174775300692344,14.49
2025-09-12,1.8656748387989677,1.272048977078375,14.76
2025-10-13,1.5467560292578062,1.3373977098784624,19.03
2025-11-11,1.5128635985770666,1.3622854788103322,17.28
2025-12-11,1.2820052094303263,1.4042160499484444,14.85
2026-01-13,1.0960342791441575,1.5626871689207684,15.98
2026-02-12,1.0530135446480615,1.5686656854633854,20.82
2026-03-16,1.0641872492695257,1.574596348066903,23.51
2026-04-15,0.9762675714979215,1.554670965218939,18.17
2026-05-14,1.0957120852413662,1.5343395037901801,17.26
2026-06-15,1.3393606184536728,1.479167389743977,16.2
2026-07-16,1.0373868644229494,1.3991476851395515,16.73
